goals,yellowCards,redCards,groundDuelsWon,groundDuelsWonPercentage,aerialDuelsWon,aerialDuelsWonPercentage,successfulDribbles,successfulDribblesPercentage,tackles,assists,accuratePassesPercentage,totalDuelsWon,totalDuelsWonPercentage,minutesPlayed,wasFouled,fouls,dispossessed,appearances,saves,savedShotsFromInsideTheBox,savedShotsFromOutsideTheBox,goalsConcededInsideTheBox,goalsConcededOutsideTheBox,highClaims,successfulRunsOut,punches,runsOut,accurateFinalThirdPasses,bigChancesCreated,accuratePasses,keyPasses,accurateCrosses,accurateCrossesPercentage,accurateLongBalls,accurateLongBallsPercentage,interceptions,clearances,dribbledPast,bigChancesMissed,totalShots,shotsOnTarget,blockedShots,goalConversionPercentage,hitWoodwork,offsides,expectedGoals,errorLeadToGoal,errorLeadToShot,passToAssist,player,team,player id,team id,league
30,1,0,72,51.06,37,62.71,25,62.5,15,5,81.19,109,54.5,1948,32,21,25,24,0,0,0,21,2,0,0,0,0,218,14,492,32,0,0.0,70,75.27,7,28,11,14,96,58,22,31.25,4,19,22.58,1,0,0,Harry Kane,FC Bayern München,108579,2672,Germany Bundesliga
0,0,0,7,50.0,16,88.89,1,100.0,5,0,83.63,23,71.88,165,1,5,0,2,0,0,0,3,0,0,0,0,0,16,0,143,1,0,0.0,4,23.53,3,16,2,0,5,1,0,0.0,0,0,0.28,0,0,0,Dan-Axel Zagadou,VfB Stuttgart,826205,2677,Germany Bundesliga
10,5,0,109,45.04,6,35.29,49,44.14,20,16,85.04,115,44.4,1791,40,25,25,23,0,0,0,19,2,0,0,0,0,551,22,989,64,24,21.82,20,64.52,11,6,23,7,75,38,23,13.33,4,4,8.38,0,1,2,Michael Olise,FC Bayern München,978838,2672,Germany Bundesliga
10,2,0,130,51.59,4,15.38,86,59.31,21,5,85.36,134,48.2,1716,23,12,40,24,0,0,0,24,0,0,0,0,0,294,8,659,39,6,20.0,21,80.77,14,8,12,4,42,22,11,23.81,0,6,5.5,0,0,0,Yan Diomande,RB Leipzig,2087085,36360,Germany Bundesliga
4,6,0,62,62.0,32,61.54,8,57.14,35,1,86.62,94,61.84,1620,19,20,8,18,0,0,0,19,1,0,0,0,0,213,1,1062,7,3,13.04,132,61.11,15,86,6,2,26,7,10,15.38,1,1,2.73,0,0,0,Nico Schlotterbeck,Borussia Dortmund,940871,2673,Germany Bundesliga
2,4,0,44,56.41,6,35.29,10,76.92,20,6,91.89,50,52.63,1636,14,6,9,21,0,0,0,17,1,0,0,0,0,511,13,1722,39,23,26.14,116,70.73,16,12,16,1,20,8,6,10.0,2,0,2.2,0,4,1,Joshua Kimmich,FC Bayern München,259117,2672,Germany Bundesliga
0,0,0,1,100.0,2,100.0,1,100.0,0,0,75.45,3,100.0,180,0,0,0,2,11,7,4,4,0,1,3,2,3,1,0,83,0,0,0.0,18,40.91,0,4,0,0,0,0,0,0.0,0,0,,0,0,0,Karl Hein,SV Werder Bremen,991591,2534,Germany Bundesliga
0,0,0,2,100.0,0,0.0,1,100.0,0,0,75.94,2,100.0,331,1,0,0,4,11,8,3,6,0,2,1,0,1,5,0,101,0,0,0.0,21,40.38,0,0,0,0,0,0,0,0.0,0,0,,0,0,0,Maarten Vandevoordt,RB Leipzig,934385,36360,Germany Bundesliga
14,5,0,102,44.74,7,28.0,55,49.55,17,11,85.63,109,43.08,1990,30,24,39,24,0,0,0,18,2,0,0,0,0,402,12,888,57,6,15.0,32,76.19,10,2,8,13,67,32,14,20.9,1,18,12.25,0,2,2,Luis Díaz,FC Bayern München,883537,2672,Germany Bundesliga
1,0,0,12,52.17,0,0.0,3,33.33,2,0,75.68,12,48.0,180,7,1,2,2,0,0,0,4,1,0,0,0,0,9,3,28,3,2,15.38,1,50.0,0,0,2,0,4,1,2,25.0,0,0,0.13,0,0,0,Leo Scienza,1. FC Heidenheim,1386651,5885,Germany Bundesliga
10,6,0,66,47.83,11,52.38,19,47.5,27,2,80.31,77,48.43,1651,20,17,23,20,0,0,0,24,3,0,0,0,0,286,11,714,46,31,29.81,53,47.32,15,8,12,0,39,15,16,25.64,0,3,7.2,0,0,0,Nadiem Amiri,1. FSV Mainz 05,327755,2556,Germany Bundesliga
2,4,0,31,49.21,29,56.86,2,50.0,19,0,87.71,60,52.63,1084,10,25,2,15,0,0,0,10,1,0,0,0,0,153,0,735,5,2,25.0,36,42.86,11,66,3,0,9,4,1,22.22,0,1,0.98,0,1,0,Ramy Bensebaini,Borussia Dortmund,577726,2673,Germany Bundesliga
0,1,0,0,0.0,5,83.33,0,0.0,0,0,63.3,5,83.33,1170,0,0,0,13,47,34,13,16,2,11,4,6,4,24,0,257,1,0,0.0,95,39.42,0,12,0,0,0,0,0,0.0,0,0,,0,0,1,Daniel Batz,1. FSV Mainz 05,94312,2556,Germany Bundesliga
1,4,0,35,50.72,8,47.06,4,30.77,17,5,93.07,43,50.0,2031,15,7,4,25,0,0,0,26,3,0,0,0,0,510,10,2244,36,26,27.37,129,75.88,19,26,14,1,22,3,9,4.55,0,2,1.64,0,4,1,Aleix García,Bayer 04 Leverkusen,796047,2681,Germany Bundesliga
5,5,0,44,54.32,125,76.69,5,100.0,15,0,83.24,169,69.26,1980,27,21,13,22,0,0,0,30,3,0,0,0,0,76,0,1083,9,0,0.0,72,42.35,25,192,4,4,28,8,6,17.86,1,1,3.96,1,1,0,Luka Vušković,Hamburger SV,1405212,2676,Germany Bundesliga
0,0,0,2,66.67,4,80.0,0,0.0,1,0,66.9,6,75.0,2160,2,1,0,24,75,55,19,37,4,11,14,12,15,59,1,758,1,0,0.0,273,42.39,0,26,0,0,0,0,0,0.0,0,0,,0,1,0,Marvin Schwäbe,1. FC Köln,187185,2671,Germany Bundesliga
1,1,0,16,55.17,32,66.67,0,0.0,15,1,94.98,48,62.34,1046,1,8,0,17,0,0,0,10,1,0,0,0,0,149,1,964,2,0,0.0,16,57.14,22,55,5,0,2,1,0,50.0,0,0,0.35,1,0,1,Min-jae Kim,FC Bayern München,896569,2672,Germany Bundesliga
2,3,0,66,64.08,61,60.4,10,58.82,47,0,89.13,127,62.25,1980,12,19,3,22,0,0,0,22,2,0,0,0,0,193,0,1418,6,2,28.57,62,42.47,17,121,9,0,12,4,4,16.67,0,0,1.4,0,2,0,Waldemar Anton,Borussia Dortmund,799046,2673,Germany Bundesliga
3,2,0,36,52.94,10,40.0,3,42.86,24,1,94.52,46,49.46,1275,9,17,3,20,0,0,0,17,2,0,0,0,0,365,2,1312,17,1,12.5,62,76.54,12,15,8,0,9,5,1,33.33,0,0,1.53,0,0,0,Aleksandar Pavlović,FC Bayern München,1142251,2672,Germany Bundesliga
0,0,0,3,100.0,4,100.0,0,0.0,1,0,71.61,7,100.0,2250,2,0,0,25,97,57,39,42,1,15,6,8,8,29,1,570,2,0,0.0,156,41.38,1,21,0,0,0,0,0,0.0,0,0,,0,0,0,Moritz Nicolas,Borussia M'gladbach,578166,2527,Germany Bundesliga
3,6,0,69,48.94,12,37.5,13,44.83,44,5,81.23,81,46.82,2124,12,25,4,24,0,0,0,32,0,0,0,0,0,296,18,1177,79,72,34.29,70,43.75,26,91,27,2,21,6,3,14.29,2,5,2.07,1,1,1,David Raum,RB Leipzig,856076,36360,Germany Bundesliga
1,0,0,13,52.0,9,60.0,1,50.0,9,0,87.32,22,55.0,368,3,6,0,6,0,0,0,2,0,0,0,0,0,29,0,186,0,0,0.0,2,28.57,5,15,5,0,1,1,0,100.0,0,0,0.07,0,1,0,Aarón Anselmino,Borussia Dortmund,1500263,2673,Germany Bundesliga
4,4,0,27,51.92,56,61.54,7,70.0,19,2,90.68,83,58.04,1856,1,18,0,21,0,0,0,24,2,0,0,0,0,235,2,1683,7,2,25.0,75,44.38,18,102,5,2,23,7,4,17.39,0,1,1.87,0,1,0,Edmond Tapsoba,Bayer 04 Leverkusen,883262,2681,Germany Bundesliga
2,4,0,27,47.37,35,67.31,2,50.0,19,1,96.13,62,56.88,1664,6,21,4,21,0,0,0,15,2,0,0,0,0,179,1,1465,5,0,0.0,35,62.5,24,96,6,1,8,5,1,25.0,1,0,0.71,0,1,0,Jonathan Tah,FC Bayern München,227672,2672,Germany Bundesliga
3,3,0,25,52.08,18,54.55,3,60.0,12,0,86.22,43,53.09,621,10,10,2,9,0,0,0,8,0,0,0,0,0,62,0,388,0,0,0.0,24,48.98,16,36,10,0,5,4,0,60.0,0,0,2.45,0,0,0,Emre Can,Borussia Dortmund,138156,2673,Germany Bundesliga
1,3,0,52,65.82,101,69.66,3,75.0,32,0,90.06,153,68.3,2230,19,13,3,25,0,0,0,34,0,0,0,0,0,166,1,1549,6,0,0.0,65,42.76,26,185,10,4,18,8,4,5.56,0,2,2.29,1,1,0,Willi Orbán,RB Leipzig,136924,36360,Germany Bundesliga
0,0,0,6,100.0,5,100.0,0,0.0,0,1,76.08,11,100.0,2250,7,0,0,25,75,57,16,32,2,24,19,11,20,28,1,671,3,0,0.0,162,44.26,1,24,0,0,0,0,0,0.0,0,0,,2,0,0,Alexander Nübel,VfB Stuttgart,584722,2677,Germany Bundesliga
15,4,0,29,31.18,24,39.34,4,36.36,13,4,73.32,53,34.42,1556,13,24,23,21,0,0,0,23,2,0,0,0,0,136,4,305,24,0,0.0,12,57.14,4,5,10,12,88,35,21,17.05,2,21,11.14,0,0,2,Deniz Undav,VfB Stuttgart,794298,2677,Germany Bundesliga
6,2,0,34,41.46,5,50.0,6,31.58,10,3,81.91,39,42.39,807,18,12,17,14,0,0,0,12,3,0,0,0,0,124,4,317,13,3,21.43,15,65.22,1,3,8,0,27,10,9,22.22,0,0,2.58,0,0,0,Can Uzun,Eintracht Frankfurt,1440948,2674,Germany Bundesliga
1,5,0,49,55.68,12,48.0,4,57.14,21,4,84.5,61,53.98,1813,25,17,6,21,0,0,0,36,4,0,0,0,0,143,11,845,28,26,33.33,76,48.41,24,72,14,0,12,5,3,8.33,0,0,0.34,0,1,0,Maximilian Arnold,VfL Wolfsburg,147289,2524,Germany Bundesliga
0,5,0,34,61.82,43,63.24,3,60.0,27,0,91.7,77,62.6,1377,4,8,10,19,0,0,0,17,2,0,0,0,0,111,0,1105,2,1,33.33,39,52.0,20,92,2,1,9,3,3,0.0,0,0,1.0,1,0,0,Loïc Badé,Bayer 04 Leverkusen,1006489,2681,Germany Bundesliga
1,1,0,73,63.48,21,41.18,13,65.0,31,5,87.89,94,56.63,1967,29,12,11,25,0,0,0,28,2,0,0,0,0,407,6,1488,41,21,23.6,53,44.17,21,34,13,3,9,4,3,11.11,0,0,2.18,0,0,1,Angelo Stiller,VfB Stuttgart,901882,2677,Germany Bundesliga
6,5,0,76,49.03,8,25.81,19,35.85,32,5,87.55,84,45.16,1804,25,11,18,21,0,0,0,22,4,0,0,0,0,363,10,1181,46,28,26.67,35,44.3,14,37,17,4,39,15,9,15.38,0,4,4.81,0,0,0,Alejandro Grimaldo,Bayer 04 Leverkusen,177177,2681,Germany Bundesliga
1,3,0,88,53.33,31,70.45,23,53.49,40,6,77.91,119,56.94,2237,27,23,13,25,0,0,0,30,2,0,0,0,0,233,12,776,44,46,33.82,50,43.48,27,88,21,0,18,4,5,5.56,1,0,0.64,0,1,0,Vladimír Coufal,TSG Hoffenheim,138024,2569,Germany Bundesliga
0,1,0,3,100.0,10,90.91,1,100.0,1,0,69.11,13,92.86,2250,1,0,0,25,90,65,23,51,4,18,11,13,11,38,0,604,3,0,0.0,142,34.72,0,32,0,0,1,0,0,0.0,0,0,0.04,2,0,0,Kamil Grabara,VfL Wolfsburg,902080,2524,Germany Bundesliga
0,3,0,60,63.16,88,64.71,4,66.67,24,0,88.61,148,64.07,1701,33,26,2,20,0,0,0,22,1,0,0,0,0,157,0,1222,4,0,0.0,73,53.68,28,146,5,2,15,6,2,0.0,0,0,0.85,1,1,0,Jeff Chabot,VfB Stuttgart,863271,2677,Germany Bundesliga
0,3,0,3,100.0,4,80.0,0,0.0,0,0,76.62,7,87.5,2250,4,0,0,25,76,50,26,33,3,8,10,14,11,26,0,980,0,0,0.0,184,38.49,0,24,0,0,1,0,0,0.0,0,0,0.26,1,4,0,Daniel Heuer Fernandes,Hamburger SV,113442,2676,Germany Bundesliga
0,2,0,2,66.67,6,85.71,0,0.0,0,0,71.62,8,80.0,2160,5,0,0,24,60,44,14,23,2,14,8,7,8,29,0,525,0,0,0.0,114,36.42,0,15,1,0,0,0,0,0.0,0,0,,0,0,0,Gregor Kobel,Borussia Dortmund,556866,2673,Germany Bundesliga
2,4,0,40,56.34,16,37.21,8,88.89,20,1,93.21,56,49.12,1294,12,11,11,22,0,0,0,9,1,0,0,0,0,302,2,1044,15,0,0.0,33,70.21,19,30,10,2,16,5,3,12.5,0,0,1.74,0,0,1,Leon Goretzka,FC Bayern München,184661,2672,Germany Bundesliga
0,0,0,2,100.0,11,100.0,0,0.0,1,0,70.71,13,100.0,2160,1,0,0,24,89,61,26,36,4,18,7,12,7,20,0,577,0,0,0.0,93,28.44,0,22,0,0,0,0,0,0.0,0,0,,4,3,0,Nikola Vasilj,FC St. Pauli,325061,2526,Germany Bundesliga
1,3,0,40,56.34,31,58.49,3,42.86,32,1,92.3,71,57.26,1511,5,14,7,20,0,0,0,16,1,0,0,0,0,180,3,1258,9,1,20.0,49,52.13,16,43,8,1,8,2,2,12.5,0,0,1.03,0,2,0,Dayot Upamecano,FC Bayern München,798583,2672,Germany Bundesliga
4,4,1,63,44.37,50,54.35,4,44.44,50,5,76.26,113,48.29,1751,9,41,20,22,0,0,0,20,0,0,0,0,0,234,9,710,38,16,28.07,45,42.06,12,51,17,2,24,10,5,16.67,0,1,2.6,0,0,0,Wouter Burger,TSG Hoffenheim,916946,2569,Germany Bundesliga
0,0,0,4,100.0,8,100.0,0,0.0,0,0,65.44,12,100.0,2250,3,0,0,25,74,47,24,36,6,25,14,11,14,63,1,642,2,0,0.0,227,40.32,0,29,0,0,0,0,0,0.0,0,0,,1,1,0,Noah Atubolu,SC Freiburg,980626,2538,Germany Bundesliga
10,1,0,26,41.94,4,26.67,13,54.17,4,5,84.79,30,38.96,1587,9,3,18,25,0,0,0,21,1,0,0,0,0,221,6,591,29,19,30.16,17,62.96,7,8,5,5,48,24,11,20.83,0,3,7.97,0,0,0,Andrej Kramarić,TSG Hoffenheim,67647,2569,Germany Bundesliga
3,0,0,36,63.16,2,40.0,11,73.33,7,3,82.01,38,61.29,626,18,4,11,12,0,0,0,6,0,0,0,0,0,57,6,155,8,1,50.0,4,33.33,3,9,2,1,18,9,6,16.67,0,0,1.98,0,0,0,Assan Ouédraogo,RB Leipzig,1418623,36360,Germany Bundesliga
9,1,0,19,46.34,8,22.86,5,55.56,4,0,72.18,27,35.53,792,10,9,10,12,0,0,0,5,3,0,0,0,0,43,0,96,6,0,0.0,6,75.0,1,4,0,6,27,14,5,33.33,3,1,7.66,0,0,0,Jonathan Burkardt,Eintracht Frankfurt,939830,2674,Germany Bundesliga
4,3,0,82,66.13,25,59.52,10,58.82,55,3,85.57,107,64.46,1604,17,8,11,23,0,0,0,22,2,0,0,0,0,209,8,824,28,21,27.27,36,47.37,31,50,16,0,22,11,3,18.18,0,2,3.14,0,0,1,Maximilian Mittelstädt,VfB Stuttgart,788949,2677,Germany Bundesliga
0,1,0,13,59.09,3,60.0,5,71.43,5,0,79.39,16,59.26,313,3,5,1,4,0,0,0,2,1,0,0,0,0,67,0,131,6,4,19.05,9,50.0,3,8,1,0,5,0,2,0.0,0,1,0.3,0,0,0,Anthony Caci,1. FSV Mainz 05,846471,2556,Germany Bundesliga
2,0,0,126,59.43,3,20.0,57,54.81,19,2,80.74,129,56.83,1535,50,9,24,22,0,0,0,22,0,0,0,0,0,173,6,369,27,9,17.65,15,53.57,6,6,6,3,50,13,17,4.0,4,1,3.95,0,1,0,Antonio Nusa,RB Leipzig,1121923,36360,Germany Bundesliga
1,0,0,17,47.22,3,33.33,9,81.82,3,1,81.43,20,44.44,387,5,7,12,5,0,0,0,6,0,0,0,0,0,61,3,114,7,4,28.57,4,66.67,0,1,0,1,9,3,5,11.11,0,0,1.37,0,0,0,Brajan Gruda,RB Leipzig,1198075,36360,Germany Bundesliga
5,1,0,74,51.03,9,30.0,15,45.45,39,2,80.46,83,47.43,2140,20,9,27,24,0,0,0,37,3,0,0,0,0,215,8,560,35,20,27.03,17,33.33,14,31,17,2,41,15,13,12.2,2,4,3.87,0,1,0,Jakub Kamiński,1. FC Köln,801263,2671,Germany Bundesliga
0,0,0,0,0.0,3,100.0,0,0.0,0,0,74.87,3,100.0,750,0,0,0,9,29,21,8,7,0,5,6,6,7,3,0,149,2,0,0.0,20,28.57,0,9,0,0,0,0,0,0.0,0,0,,1,0,0,Janis Blaswich,Bayer 04 Leverkusen,96832,2681,Germany Bundesliga
0,3,0,32,74.42,34,69.39,0,0.0,23,0,85.63,66,71.74,960,9,7,0,12,0,0,0,17,2,0,0,0,0,72,0,614,2,2,50.0,48,44.04,19,77,5,0,9,3,2,0.0,0,0,0.42,1,1,0,Amos Pieper,SV Werder Bremen,851254,2534,Germany Bundesliga
2,1,0,78,60.0,4,25.0,27,52.94,25,3,87.5,82,56.16,1129,26,11,12,19,0,0,0,12,1,0,0,0,0,191,7,532,15,9,21.43,11,50.0,14,6,5,1,28,7,10,7.14,2,2,1.92,0,1,0,Ibrahim Maza,Bayer 04 Leverkusen,1407524,2681,Germany Bundesliga
4,2,2,58,56.86,4,20.0,22,57.89,12,4,83.75,62,50.82,1443,24,13,12,20,0,0,0,19,3,0,0,0,0,150,4,474,23,11,35.48,44,55.0,9,15,3,1,41,12,13,9.76,0,1,3.55,1,0,0,Fábio Vieira,Hamburger SV,904835,2676,Germany Bundesliga
4,1,0,31,53.45,1,12.5,17,62.96,11,4,82.53,32,48.48,1098,3,4,10,24,0,0,0,17,1,0,0,0,0,214,8,496,26,16,34.04,15,48.39,1,6,5,2,23,13,5,17.39,0,2,2.25,0,0,1,Chris Führich,VfB Stuttgart,891510,2677,Germany Bundesliga
0,5,0,56,40.0,10,50.0,14,31.82,27,11,83.25,66,41.25,1424,16,18,23,21,0,0,0,14,0,0,0,0,0,198,15,492,35,36,25.53,22,53.66,11,31,15,0,8,0,6,0.0,0,3,0.57,0,1,0,Julian Ryerson,Borussia Dortmund,800951,2673,Germany Bundesliga
7,4,0,73,48.67,9,37.5,24,47.06,15,6,75.36,82,47.13,1766,34,14,31,24,0,0,0,25,2,0,0,0,0,175,5,422,34,26,29.89,15,38.46,12,20,7,0,38,16,13,18.42,0,8,3.75,0,0,1,Jamie Leweling,VfB Stuttgart,990201,2677,Germany Bundesliga
0,0,0,0,0.0,1,50.0,0,0.0,0,0,84.11,1,50.0,630,0,0,0,8,13,7,6,7,0,4,11,1,11,14,0,217,0,0,0.0,44,52.38,0,5,0,0,0,0,0,0.0,0,0,,1,0,0,Jonas Urbig,FC Bayern München,1130647,2672,Germany Bundesliga
1,2,0,42,67.74,23,46.0,14,66.67,21,0,90.26,65,58.04,1716,8,8,3,20,0,0,0,25,0,0,0,0,0,109,0,1195,7,0,0.0,41,41.41,27,93,2,0,7,2,2,14.29,1,0,1.14,1,2,1,Castello Lukeba,RB Leipzig,976421,36360,Germany Bundesliga
6,0,0,29,48.33,15,53.57,13,52.0,11,2,79.18,44,50.0,1137,5,4,11,19,0,0,0,12,2,0,0,0,0,190,4,407,24,3,17.65,12,50.0,3,9,4,3,26,15,4,23.08,0,5,4.85,0,2,2,Julian Brandt,Borussia Dortmund,226978,2673,Germany Bundesliga
3,4,2,95,57.93,25,55.56,25,55.56,19,2,85.96,120,57.42,1459,51,17,22,19,0,0,0,27,3,0,0,0,0,152,3,551,13,8,30.77,20,55.56,20,22,13,1,35,7,11,8.57,0,1,2.13,0,3,0,Johan Manzambi,SC Freiburg,1518931,2538,Germany Bundesliga
2,4,0,69,55.65,30,61.22,13,61.9,45,0,79.76,99,57.23,1434,11,21,10,19,0,0,0,24,3,0,0,0,0,189,1,745,8,4,12.9,46,46.94,18,55,16,0,14,5,3,14.29,0,3,0.65,0,1,0,Rasmus Kristensen,Eintracht Frankfurt,921789,2674,Germany Bundesliga
0,0,0,4,66.67,10,100.0,0,0.0,0,0,81.72,14,87.5,1980,7,0,1,22,70,48,21,35,5,21,15,14,15,14,0,590,0,0,0.0,101,45.09,0,28,1,0,0,0,0,0.0,0,0,,1,2,0,Mio Backhaus,SV Werder Bremen,1083390,2534,Germany Bundesliga
3,0,0,34,54.84,0,0.0,20,57.14,5,0,80.51,34,52.31,1112,9,2,8,18,0,0,0,12,2,0,0,0,0,106,6,223,31,20,25.0,6,46.15,0,1,3,1,25,12,4,12.0,2,4,2.08,0,0,0,Jean-Luc Dompé,Hamburger SV,789192,2676,Germany Bundesliga
1,1,0,81,63.28,63,64.29,21,70.0,38,1,78.09,144,63.72,2249,23,9,15,25,0,0,0,37,4,0,0,0,0,206,3,720,16,1,8.33,39,39.39,55,37,15,1,14,4,5,7.14,0,4,0.93,0,1,0,Kaishu Sano,1. FSV Mainz 05,1028307,2556,Germany Bundesliga
1,2,0,14,50.0,4,66.67,0,0.0,6,2,86.59,18,52.94,403,8,6,5,9,0,0,0,1,0,0,0,0,0,53,5,155,8,5,45.45,2,28.57,2,8,2,1,3,1,0,33.33,0,1,0.47,0,0,0,Lucas Vázquez,Bayer 04 Leverkusen,255239,2681,Germany Bundesliga
7,0,0,25,47.17,5,62.5,9,75.0,7,1,83.0,30,49.18,1275,9,8,9,25,0,0,0,18,5,0,0,0,0,138,8,493,32,22,23.66,48,60.0,11,15,9,1,22,9,6,31.82,1,2,5.18,1,1,1,Vincenzo Grifo,SC Freiburg,171961,2538,Germany Bundesliga
1,3,0,36,73.47,7,41.18,5,71.43,25,3,75.27,43,65.15,974,6,4,2,14,0,0,0,17,2,0,0,0,0,98,1,350,10,7,17.95,28,41.79,11,22,5,0,14,3,9,7.14,0,4,0.51,0,0,0,Manolis Saliakas,FC St. Pauli,280551,2526,Germany Bundesliga
1,7,0,52,62.65,36,67.92,4,57.14,35,0,88.87,88,64.71,1940,14,13,3,22,0,0,0,33,4,0,0,0,0,173,0,1134,5,1,7.14,90,56.6,26,118,12,0,8,2,0,12.5,0,1,0.68,1,2,0,Marco Friedl,SV Werder Bremen,825771,2534,Germany Bundesliga
0,4,1,54,63.53,61,62.89,7,87.5,31,1,85.88,115,63.19,1746,17,23,3,20,0,0,0,28,0,0,0,0,0,109,1,912,11,4,66.67,72,52.55,19,115,8,1,12,3,3,0.0,1,1,1.37,0,1,0,Keven Schlotterbeck,FC Augsburg,891651,2600,Germany Bundesliga
0,0,0,1,50.0,0,0.0,0,0.0,0,0,75.56,1,50.0,90,0,0,0,1,4,3,1,2,0,0,0,1,0,3,0,34,0,0,0.0,10,47.62,0,2,1,0,0,0,0,0.0,0,0,,0,0,0,Frank Feller,1. FC Heidenheim,1083359,5885,Germany Bundesliga
2,6,0,50,60.24,8,40.0,14,46.67,22,3,72.0,58,56.31,1307,14,12,5,19,0,0,0,24,1,0,0,0,0,127,5,342,24,20,31.75,20,43.48,14,43,1,1,9,5,1,22.22,0,4,1.12,0,1,0,Dimitrios Giannoulis,FC Augsburg,354878,2600,Germany Bundesliga
4,2,0,19,50.0,65,61.9,2,66.67,11,0,84.7,84,58.74,953,6,15,1,16,0,0,0,14,1,0,0,0,0,44,0,526,4,0,0.0,21,35.0,16,81,4,4,20,9,2,20.0,3,0,2.84,1,0,0,Ozan Kabak,TSG Hoffenheim,857740,2569,Germany Bundesliga
3,7,0,50,63.29,32,64.0,13,65.0,21,0,90.06,82,63.57,1705,17,14,9,21,0,0,0,19,4,0,0,0,0,229,1,1151,10,4,22.22,36,42.35,19,74,1,2,8,6,0,37.5,0,1,1.13,0,1,0,Jarell Quansah,Bayer 04 Leverkusen,1003339,2681,Germany Bundesliga
4,2,0,51,54.84,17,56.67,6,50.0,24,0,87.23,68,55.28,1178,21,12,12,19,0,0,0,19,2,0,0,0,0,100,0,437,20,5,50.0,21,67.74,10,13,12,0,14,8,2,28.57,1,0,1.22,1,0,0,Albert Sambi Lokonga,Hamburger SV,901892,2676,Germany Bundesliga
3,5,0,42,49.41,13,50.0,12,54.55,22,3,80.19,55,49.55,1259,8,14,15,18,0,0,0,19,1,0,0,0,0,265,5,595,37,14,26.92,39,63.93,8,6,4,1,30,10,12,10.0,0,1,1.77,0,0,0,Bilal El Khannouss,VfB Stuttgart,1126569,2677,Germany Bundesliga
1,1,0,63,59.43,41,68.33,2,25.0,53,0,86.81,104,62.65,1648,8,17,8,21,0,0,0,28,1,0,0,0,0,126,0,803,7,8,36.36,45,54.88,32,69,12,1,20,6,3,5.0,0,0,0.88,0,1,0,Philipp Sander,Borussia M'gladbach,939880,2527,Germany Bundesliga
0,3,0,9,42.86,6,66.67,1,50.0,7,1,94.5,15,50.0,435,1,7,1,8,0,0,0,4,1,0,0,0,0,56,1,309,2,1,16.67,16,84.21,5,11,3,0,2,1,0,0.0,0,0,0.03,0,0,0,Niklas Süle,Borussia Dortmund,168937,2673,Germany Bundesliga
8,1,0,64,41.03,12,48.0,34,41.46,16,3,71.95,76,41.99,1150,14,8,28,24,0,0,0,16,3,0,0,0,0,85,4,177,11,5,17.24,3,42.86,3,2,8,12,47,20,7,17.02,1,12,6.48,0,0,0,Said El Mala,1. FC Köln,1800475,2671,Germany Bundesliga
2,0,0,75,55.15,24,60.0,27,56.25,31,3,86.14,99,56.25,1814,17,22,8,24,0,0,0,22,2,0,0,0,0,222,3,746,19,1,20.0,33,60.0,23,20,10,1,26,6,12,7.69,0,1,1.73,0,2,0,Felix Nmecha,Borussia Dortmund,907463,2673,Germany Bundesliga
1,8,0,66,55.0,49,54.44,2,66.67,44,1,81.51,115,54.76,1812,21,34,6,22,0,0,0,24,1,0,0,0,0,113,3,926,6,3,23.08,82,40.2,25,133,17,1,13,3,5,7.69,0,0,1.51,0,2,0,Albian Hajdari,TSG Hoffenheim,1000269,2569,Germany Bundesliga
0,1,0,6,66.67,0,0.0,0,0.0,3,0,80.28,6,60.0,187,3,0,1,5,0,0,0,4,1,0,0,0,0,14,2,57,9,11,36.67,4,40.0,1,2,2,0,3,0,0,0.0,0,0,0.07,0,0,0,Josip Juranović,1. FC Union Berlin,791642,2547,Germany Bundesliga
0,4,0,52,44.07,24,53.33,7,43.75,36,1,88.62,76,46.63,2190,9,20,14,25,0,0,0,30,1,0,0,0,0,252,1,1332,16,1,9.09,73,63.48,25,41,24,0,12,2,4,0.0,0,1,0.56,0,0,0,Leon Avdullahu,TSG Hoffenheim,1493305,2569,Germany Bundesliga
0,1,0,8,66.67,10,52.63,2,100.0,5,1,91.22,18,58.06,556,2,2,0,8,0,0,0,6,1,0,0,0,0,50,1,447,5,0,0.0,12,41.38,6,26,2,0,2,0,0,0.0,0,0,0.07,0,2,0,Luca Jaquez,VfB Stuttgart,1127823,2677,Germany Bundesliga
0,5,0,112,59.57,13,37.14,18,64.29,52,4,74.97,125,56.05,2091,43,32,9,24,0,0,0,32,2,0,0,0,0,200,5,737,37,33,25.78,70,42.94,26,52,26,2,20,6,4,0.0,1,1,1.09,0,2,0,Miro Muheim,Hamburger SV,798303,2676,Germany Bundesliga
0,1,0,2,40.0,10,83.33,0,0.0,1,0,65.53,12,70.59,2160,2,2,0,24,81,55,25,49,6,25,8,15,9,70,0,768,0,0,0.0,283,41.37,0,38,1,0,0,0,0,0.0,0,0,,4,2,0,Diant Ramaj,1. FC Heidenheim,981562,5885,Germany Bundesliga
10,6,0,73,44.79,42,46.15,9,47.37,38,6,74.17,115,45.28,1983,26,43,25,24,0,0,0,25,0,0,0,0,0,159,4,560,30,1,33.33,27,39.71,12,35,20,13,57,24,7,17.54,2,3,10.3,1,2,0,Christoph Baumgartner,RB Leipzig,825956,36360,Germany Bundesliga
0,0,0,25,64.1,21,51.22,1,100.0,14,0,87.19,46,57.5,669,10,8,3,8,0,0,0,7,2,0,0,0,0,24,0,320,0,0,0.0,19,54.29,11,61,5,0,0,0,0,0.0,0,0,,0,0,0,Timo Hübers,1. FC Köln,387220,2671,Germany Bundesliga
0,2,1,20,64.52,19,67.86,3,60.0,12,0,91.73,39,66.1,896,5,6,1,12,0,0,0,13,2,0,0,0,0,93,0,688,3,5,41.67,28,43.08,11,38,3,1,5,1,0,0.0,0,1,0.69,0,1,0,Philipp Lienhart,SC Freiburg,576266,2538,Germany Bundesliga
6,1,0,34,45.33,0,0.0,15,48.39,16,6,88.93,34,40.0,1076,3,8,13,19,0,0,0,11,2,0,0,0,0,204,8,506,21,3,16.67,12,66.67,4,3,6,6,40,15,11,15.0,1,6,5.62,0,2,1,Serge Gnabry,FC Bayern München,187433,2672,Germany Bundesliga
3,1,0,69,60.0,5,23.81,26,61.9,26,3,79.94,74,54.41,1019,17,12,10,21,0,0,0,18,7,0,0,0,0,88,4,255,22,6,22.22,5,33.33,9,12,9,0,19,7,8,15.79,0,2,1.74,0,0,0,Jean-Mattéo Bahoya,Eintracht Frankfurt,1146148,2674,Germany Bundesliga
3,1,0,35,53.85,81,63.28,2,66.67,25,0,91.04,116,60.1,2042,8,21,4,23,0,0,0,38,8,0,0,0,0,104,0,1371,6,0,0.0,73,48.67,32,153,5,1,13,5,1,23.08,1,0,1.3,2,3,0,Robin Koch,Eintracht Frankfurt,581302,2674,Germany Bundesliga
0,4,0,80,63.49,10,50.0,6,42.86,56,1,86.76,90,61.64,1388,18,18,10,20,0,0,0,22,1,0,0,0,0,132,2,570,10,1,12.5,28,54.9,23,40,11,0,8,1,4,0.0,0,0,0.35,0,1,0,Tom Krauß,1. FC Köln,930272,2671,Germany Bundesliga
1,8,0,60,54.55,34,61.82,3,42.86,39,1,89.85,94,56.97,1665,18,29,4,21,0,0,0,26,1,0,0,0,0,135,1,761,7,1,33.33,51,67.11,14,86,14,1,9,5,3,11.11,0,3,1.13,0,1,0,Noahkai Banks,FC Augsburg,1597260,2600,Germany Bundesliga
0,1,0,6,100.0,13,100.0,0,0.0,3,0,70.29,19,100.0,2250,4,0,0,25,69,52,16,40,3,14,15,15,16,51,1,757,3,0,0.0,206,39.46,0,39,0,1,1,0,0,0.0,0,0,0.32,4,1,0,Finn Dahmen,FC Augsburg,822564,2600,Germany Bundesliga
4,1,0,69,51.11,22,66.67,11,37.93,32,0,84.53,91,54.17,1372,26,14,24,20,0,0,0,17,2,0,0,0,0,167,6,541,22,2,16.67,10,55.56,13,12,10,4,26,6,6,15.38,0,2,2.87,0,0,0,Malik Tillman,Bayer 04 Leverkusen,975798,2681,Germany Bundesliga
2,0,0,1,25.0,0,0.0,1,100.0,0,0,40.0,1,25.0,20,0,2,1,2,0,0,0,0,0,0,0,0,0,1,0,2,0,0,0.0,0,0.0,0,0,0,0,2,2,0,100.0,0,0,1.35,0,0,0,Marin Ljubičić,1. FC Union Berlin,1090010,2547,Germany Bundesliga
0,2,0,20,47.62,12,80.0,1,20.0,13,3,76.42,32,56.14,428,6,9,5,8,0,0,0,7,1,0,0,0,0,64,3,162,16,16,40.0,7,26.92,3,13,5,0,3,0,1,0.0,0,0,0.18,0,0,0,Alessio Castro-Montes,1. FC Köln,839898,2671,Germany Bundesliga
4,5,0,62,73.81,33,55.93,8,88.89,39,0,89.62,95,66.43,1864,15,12,2,22,0,0,0,34,1,0,0,0,0,129,0,1114,5,1,25.0,63,51.64,17,101,7,1,18,10,2,22.22,0,0,4.89,1,2,0,Kevin Diks,Borussia M'gladbach,583806,2527,Germany Bundesliga
0,2,1,1,33.33,7,77.78,1,100.0,0,0,51.78,8,66.67,787,1,2,0,9,25,14,11,9,2,9,6,10,7,35,0,175,0,0,0.0,80,32.92,0,16,0,0,0,0,0,0.0,0,0,,0,0,0,Robin Zentner,1. FSV Mainz 05,174345,2556,Germany Bundesliga
6,3,0,58,59.18,20,37.74,5,41.67,31,2,82.02,78,51.66,1371,22,17,10,25,0,0,0,19,1,0,0,0,0,163,3,602,14,2,20.0,22,42.31,13,38,9,5,34,11,6,17.65,0,1,4.26,0,0,0,Grischa Prömel,TSG Hoffenheim,253993,2569,Germany Bundesliga
0,8,0,98,60.12,42,65.63,8,50.0,51,1,89.57,140,61.67,2160,42,34,9,24,0,0,0,29,3,0,0,0,0,80,2,919,7,1,25.0,44,60.27,35,80,16,1,15,7,4,0.0,0,0,0.98,0,2,0,Nicolai Remberg,Hamburger SV,1064305,2676,Germany Bundesliga
0,1,0,57,61.96,30,58.82,7,70.0,45,2,88.71,87,60.84,2125,5,13,7,25,0,0,0,28,0,0,0,0,0,145,2,1053,11,2,33.33,52,53.06,46,52,12,1,13,3,5,0.0,1,0,1.15,0,1,0,Nicolas Seiwald,RB Leipzig,976575,36360,Germany Bundesliga
1,2,0,28,60.87,34,58.62,1,100.0,22,0,85.52,62,59.62,872,6,12,3,17,0,0,0,16,1,0,0,0,0,102,0,431,9,0,0.0,9,50.0,23,29,4,1,10,3,3,10.0,0,1,0.85,0,0,0,Chema Andrés,VfB Stuttgart,1464641,2677,Germany Bundesliga
2,1,0,33,58.93,20,62.5,5,62.5,20,3,89.11,53,60.23,1255,9,5,5,17,0,0,0,17,0,0,0,0,0,268,2,761,12,3,12.0,22,51.16,13,41,10,0,5,3,0,40.0,0,3,1.08,0,1,0,Josip Stanišić,FC Bayern München,927407,2672,Germany Bundesliga
1,3,0,74,52.86,6,31.58,12,40.0,46,3,86.16,80,50.31,1802,16,19,12,23,0,0,0,26,0,0,0,0,0,239,8,1077,28,8,21.05,73,58.87,19,70,20,4,22,3,10,4.55,0,0,1.48,1,2,0,Ridle Baku,RB Leipzig,856553,36360,Germany Bundesliga
3,0,0,65,57.02,4,25.0,27,60.0,16,2,86.85,69,53.08,996,22,3,19,20,0,0,0,18,2,0,0,0,0,143,2,350,15,4,21.05,9,50.0,4,3,9,2,15,7,5,20.0,0,2,1.21,0,0,1,Samuel Mbangula,SV Werder Bremen,1100836,2534,Germany Bundesliga
0,1,0,4,80.0,6,100.0,1,100.0,0,0,75.89,10,90.91,1500,3,0,0,17,59,33,25,21,4,8,6,6,7,20,1,425,1,0,0.0,87,40.47,0,11,1,0,0,0,0,0.0,0,0,,2,1,0,Mark Flekken,Bayer 04 Leverkusen,171919,2681,Germany Bundesliga
0,1,0,6,75.0,7,100.0,2,100.0,0,0,70.5,13,86.67,2250,5,0,0,25,74,44,26,31,2,15,24,10,25,55,0,674,0,0,0.0,161,36.59,0,29,2,0,0,0,0,0.0,0,0,,2,1,0,Oliver Baumann,TSG Hoffenheim,40244,2569,Germany Bundesliga
0,2,0,43,68.25,53,55.79,1,50.0,31,0,92.49,96,60.76,2250,11,14,3,25,0,0,0,42,1,0,0,0,0,112,0,1281,8,0,0.0,40,57.97,23,209,3,1,8,0,3,0.0,0,0,0.4,0,1,0,Nico Elvedi,Borussia M'gladbach,282229,2527,Germany Bundesliga
6,4,0,70,54.26,39,61.9,9,56.25,35,1,75.32,109,56.77,1887,26,24,9,22,0,0,0,30,4,0,0,0,0,168,4,653,18,5,45.45,49,43.75,17,33,19,4,40,13,12,15.0,0,1,4.52,0,1,0,Jens Stage,SV Werder Bremen,830142,2534,Germany Bundesliga
2,3,0,50,47.62,15,62.5,18,66.67,25,1,85.81,65,50.39,1302,8,18,18,19,0,0,0,22,0,0,0,0,0,186,2,635,16,5,50.0,21,48.84,7,18,10,1,16,5,8,12.5,1,1,1.49,0,1,0,Xaver Schlager,RB Leipzig,791079,36360,Germany Bundesliga
0,1,0,0,0.0,2,66.67,0,0.0,0,0,82.47,2,50.0,1919,0,0,0,22,52,38,13,28,0,16,13,10,13,10,0,574,0,0,0.0,73,38.22,0,27,1,0,0,0,0,0.0,0,0,,0,0,0,Péter Gulácsi,RB Leipzig,37096,36360,Germany Bundesliga
0,0,0,2,100.0,1,100.0,0,0.0,0,0,80.92,3,100.0,1620,2,0,0,19,26,20,5,15,2,6,20,6,21,15,0,492,0,0,0.0,113,50.45,0,11,0,0,0,0,0,0.0,0,0,,3,3,0,Manuel Neuer,FC Bayern München,8959,2672,Germany Bundesliga
8,4,0,35,41.67,20,34.48,7,63.64,9,2,72.16,55,38.73,1090,19,26,20,16,0,0,0,12,1,0,0,0,0,69,3,127,12,0,0.0,1,50.0,1,9,2,6,26,14,5,30.77,0,8,4.81,0,1,0,Ermedin Demirović,VfB Stuttgart,878081,2677,Germany Bundesliga
2,4,0,66,57.89,96,64.43,3,75.0,38,0,81.5,162,61.6,2160,25,37,3,24,0,0,0,35,3,0,0,0,0,100,3,762,17,0,0.0,108,55.96,28,172,11,2,24,9,5,8.33,2,0,3.38,0,2,0,Leopold Querfeld,1. FC Union Berlin,1086547,2547,Germany Bundesliga
1,2,0,26,52.0,11,47.83,2,66.67,15,2,82.64,37,50.68,1105,9,11,3,17,0,0,0,14,1,0,0,0,0,124,3,376,9,8,40.0,21,52.5,15,26,10,0,16,4,6,6.25,0,3,0.99,0,0,0,Marcel Sabitzer,Borussia Dortmund,133908,2673,Germany Bundesliga
4,2,0,92,44.66,19,38.0,29,43.94,36,5,76.4,111,43.36,1904,27,17,40,24,0,0,0,31,7,0,0,0,0,213,10,531,33,22,24.44,19,45.24,15,14,21,3,30,11,9,13.33,0,1,2.52,0,0,1,Ritsu Doan,Eintracht Frankfurt,790965,2674,Germany Bundesliga
0,0,0,31,64.58,7,53.85,6,66.67,12,2,71.7,38,62.3,550,13,3,4,7,0,0,0,14,1,0,0,0,0,35,4,152,7,7,31.82,9,34.62,5,27,7,0,3,1,2,0.0,0,1,0.11,1,1,0,Hennes Behrens,1. FC Heidenheim,1864760,5885,Germany Bundesliga
0,1,0,74,59.2,11,68.75,9,50.0,47,0,88.52,85,60.28,1608,19,23,11,23,0,0,0,33,6,0,0,0,0,149,5,617,17,9,50.0,61,71.76,14,29,11,0,13,3,5,0.0,0,0,0.54,0,5,0,Niklas Dorsch,1. FC Heidenheim,794995,5885,Germany Bundesliga
2,1,0,32,58.18,87,61.27,2,33.33,16,3,86.9,119,60.41,2160,14,12,3,24,0,0,0,34,6,0,0,0,0,167,4,1154,11,2,22.22,76,46.06,19,146,6,1,13,5,4,15.38,1,2,1.86,0,2,0,Matthias Ginter,SC Freiburg,142259,2538,Germany Bundesliga
5,2,0,41,46.07,110,56.7,7,41.18,11,3,59.66,151,53.36,1278,25,14,23,23,0,0,0,27,2,0,0,0,0,68,5,142,22,0,0.0,2,40.0,2,34,3,11,39,16,8,12.82,0,9,7.33,0,0,0,Ragnar Ache,1. FC Köln,877544,2671,Germany Bundesliga
2,3,1,61,63.54,19,39.58,9,60.0,27,2,85.54,80,55.56,1845,25,12,6,21,0,0,0,31,3,0,0,0,0,138,0,1029,12,11,22.92,72,42.11,19,77,11,1,10,5,3,20.0,1,1,0.47,1,2,0,Eric Smith,FC St. Pauli,542038,2526,Germany Bundesliga
0,7,0,36,50.7,11,52.38,1,25.0,28,2,63.14,47,51.09,1386,7,23,3,21,0,0,0,18,2,0,0,0,0,89,6,298,38,40,29.85,36,31.3,6,59,7,0,3,0,2,0.0,1,0,0.03,0,0,0,Christopher Trimmel,1. FC Union Berlin,48557,2547,Germany Bundesliga
0,2,0,45,56.96,33,61.11,2,33.33,29,0,82.32,78,58.65,1013,14,23,4,15,0,0,0,19,3,0,0,0,0,73,0,298,3,2,100.0,14,42.42,15,53,5,0,3,1,0,0.0,0,0,0.06,0,0,0,Vinícius Souza,VfL Wolfsburg,979290,2524,Germany Bundesliga
3,0,0,10,45.45,1,33.33,3,37.5,6,2,90.69,11,44.0,475,1,2,5,12,0,0,0,2,0,0,0,0,0,136,2,302,11,0,0.0,2,66.67,1,6,0,0,6,3,2,50.0,0,1,1.64,0,1,0,Raphaël Guerreiro,FC Bayern München,246999,2672,Germany Bundesliga
1,3,1,51,57.95,33,64.71,1,25.0,33,0,90.01,84,60.43,1858,18,24,5,24,0,0,0,26,4,0,0,0,0,190,0,1261,8,2,25.0,61,50.41,26,60,6,1,5,2,2,20.0,0,0,0.36,1,2,0,Robert Andrich,Bayer 04 Leverkusen,168903,2681,Germany Bundesliga
3,2,0,52,42.62,12,66.67,10,55.56,27,2,78.86,64,45.71,952,15,22,21,23,0,0,0,14,0,0,0,0,0,107,4,291,13,8,33.33,12,48.0,6,13,20,1,16,9,1,18.75,0,2,1.16,0,1,0,Alexander Prass,TSG Hoffenheim,978062,2569,Germany Bundesliga
1,1,0,0,0.0,2,33.33,0,0.0,0,0,81.82,2,16.67,245,0,4,1,5,0,0,0,1,1,0,0,0,0,23,3,36,6,3,23.08,1,100.0,1,0,1,1,6,4,0,16.67,0,3,0.71,0,0,0,Sheraldo Becker,1. FSV Mainz 05,352544,2556,Germany Bundesliga
0,6,0,65,59.09,73,60.83,6,60.0,53,0,78.73,138,60.0,1686,8,32,1,20,0,0,0,22,1,0,0,0,0,148,1,707,6,2,15.38,31,32.29,28,107,13,0,7,0,3,0.0,0,2,0.23,0,1,0,Bernardo,TSG Hoffenheim,828571,2569,Germany Bundesliga
4,0,0,48,43.64,2,16.67,17,36.17,22,3,85.27,50,40.98,995,10,4,15,21,0,0,0,10,0,0,0,0,0,220,5,544,18,7,28.0,21,65.63,12,2,13,7,33,16,4,12.12,1,4,4.86,0,2,0,Lennart Karl,FC Bayern München,1861975,2672,Germany Bundesliga
2,0,0,43,67.19,42,53.16,0,0.0,33,0,86.03,85,59.44,1755,11,8,2,20,0,0,0,27,2,0,0,0,0,134,0,936,3,0,0.0,44,36.07,16,109,10,1,6,4,1,33.33,0,1,0.45,0,2,0,Hauke Wahl,FC St. Pauli,253469,2526,Germany Bundesliga
1,4,0,45,51.14,2,20.0,12,52.17,20,2,81.78,47,47.96,952,13,13,10,15,0,0,0,10,2,0,0,0,0,140,4,350,16,14,26.92,16,51.61,7,19,9,0,8,3,2,12.5,0,2,0.68,0,0,0,Yan Couto,Borussia Dortmund,1002813,2673,Germany Bundesliga
0,4,0,28,63.64,15,65.22,3,50.0,19,0,77.08,43,64.18,630,6,5,4,7,0,0,0,8,2,0,0,0,0,47,0,222,4,5,55.56,13,26.0,8,28,4,0,3,1,0,0.0,0,1,0.14,0,1,0,Stefan Posch,1. FSV Mainz 05,355486,2556,Germany Bundesliga
2,3,0,77,65.81,44,48.89,11,68.75,52,0,81.93,121,58.45,2250,14,16,11,25,0,0,0,36,6,0,0,0,0,211,2,857,17,1,9.09,29,38.67,23,49,9,2,36,11,16,5.56,0,1,3.16,0,3,0,Maximilian Eggestein,SC Freiburg,569784,2538,Germany Bundesliga
1,0,0,2,25.0,3,75.0,0,0.0,1,1,96.15,5,41.67,69,1,2,1,8,0,0,0,0,1,0,0,0,0,10,1,25,3,1,50.0,1,100.0,1,3,2,1,2,1,0,50.0,0,0,0.33,0,0,0,Valentin Gendrey,TSG Hoffenheim,944899,2569,Germany Bundesliga
0,0,0,8,66.67,1,33.33,2,100.0,5,0,93.33,9,60.0,129,1,1,2,6,0,0,0,3,0,0,0,0,0,33,0,98,1,0,0.0,2,100.0,4,3,1,0,1,0,0,0.0,0,0,0.08,0,0,0,Max Finkgräfe,RB Leipzig,1146250,36360,Germany Bundesliga
1,5,0,19,55.88,33,71.74,1,33.33,15,1,85.5,52,65.0,1260,4,8,2,14,0,0,0,25,3,0,0,0,0,57,1,578,4,1,25.0,33,42.31,29,85,3,0,6,1,2,16.67,0,0,0.39,1,0,0,Chrislain Matsima,FC Augsburg,963198,2600,Germany Bundesliga
4,3,0,86,47.78,16,37.21,26,47.27,25,4,84.89,102,45.74,1532,35,20,35,21,0,0,0,26,3,0,0,0,0,144,3,483,21,12,26.09,5,31.25,4,7,11,3,54,21,10,7.41,3,1,4.86,0,1,0,Alexis Claude-Maurice,FC Augsburg,822877,2600,Germany Bundesliga
5,0,0,49,41.53,2,11.76,20,40.0,12,4,83.3,51,37.78,1303,17,3,26,23,0,0,0,14,3,0,0,0,0,175,3,414,24,0,0.0,6,50.0,8,13,10,4,25,9,8,20.0,3,3,2.85,0,0,1,Ernest Poku,Bayer 04 Leverkusen,1119502,2681,Germany Bundesliga
0,1,0,10,43.48,9,60.0,6,66.67,2,1,69.32,19,50.0,350,2,5,4,5,0,0,0,5,0,0,0,0,0,33,2,61,7,2,16.67,5,100.0,2,3,1,0,4,1,1,0.0,0,1,0.16,0,0,0,Philip Otele,Hamburger SV,988476,2676,Germany Bundesliga
5,3,0,52,38.24,6,42.86,23,36.51,5,3,71.92,58,38.67,1010,24,18,18,22,0,0,0,9,1,0,0,0,0,103,5,187,13,3,33.33,4,40.0,5,1,9,3,23,11,3,21.74,0,5,3.53,0,0,0,Karim Adeyemi,Borussia Dortmund,940054,2673,Germany Bundesliga
0,0,0,10,71.43,13,72.22,3,100.0,3,0,85.38,23,71.88,377,4,2,1,7,0,0,0,6,0,0,0,0,0,16,0,222,1,0,0.0,12,40.0,5,24,1,0,0,0,0,0.0,0,0,,0,0,0,Dominique Heintz,1. FC Köln,136922,2671,Germany Bundesliga
0,1,0,42,58.33,36,66.67,6,85.71,26,0,85.88,78,61.9,1264,10,15,6,16,0,0,0,18,1,0,0,0,0,58,0,681,1,0,0.0,37,43.02,19,106,9,0,3,1,1,0.0,0,0,0.08,0,2,0,Jordan Torunarigha,Hamburger SV,801003,2676,Germany Bundesliga
2,2,0,78,56.52,16,43.24,20,58.82,37,1,85.56,94,53.71,2038,21,18,19,25,0,0,0,39,3,0,0,0,0,180,3,812,15,1,7.14,22,36.67,33,37,10,1,16,5,4,12.5,0,0,1.13,0,1,0,Han-Noah Massengo,FC Augsburg,927340,2600,Germany Bundesliga
3,3,0,25,40.32,34,44.16,3,27.27,4,3,72.45,59,42.45,1194,21,13,12,22,0,0,0,14,3,0,0,0,0,87,6,213,21,14,28.0,13,48.15,4,11,4,3,34,12,5,8.82,0,6,3.58,0,0,0,Marius Bülter,1. FC Köln,378340,2671,Germany Bundesliga
4,1,0,27,64.29,7,46.67,5,45.45,10,1,86.02,34,59.65,618,12,1,4,16,0,0,0,11,1,0,0,0,0,81,2,203,9,1,20.0,2,66.67,1,3,4,4,17,6,3,23.53,1,1,2.51,0,1,0,Martin Terrier,Bayer 04 Leverkusen,846445,2681,Germany Bundesliga
1,1,0,25,58.14,16,59.26,1,50.0,18,0,83.77,41,58.57,549,6,6,1,8,0,0,0,9,1,0,0,0,0,16,0,253,3,0,0.0,16,41.03,7,39,10,0,4,1,2,25.0,0,0,0.33,0,0,0,Arthur Chaves,FC Augsburg,1122806,2600,Germany Bundesliga
0,2,0,4,57.14,6,100.0,0,0.0,1,0,53.5,10,76.92,2160,3,1,0,24,66,44,19,35,3,31,8,11,8,50,0,397,2,0,0.0,178,34.17,1,21,2,0,0,0,0,0.0,0,0,,1,2,0,Frederik Rønnow,1. FC Union Berlin,137692,2547,Germany Bundesliga
2,4,0,83,40.89,14,29.17,26,37.14,34,6,74.82,97,38.65,2110,23,15,45,24,0,0,0,37,5,0,0,0,0,338,15,740,66,33,24.44,49,53.26,9,8,17,6,40,14,15,5.0,1,5,5.45,0,0,0,Romano Schmid,SV Werder Bremen,830127,2534,Germany Bundesliga
3,2,0,13,50.0,19,38.0,1,16.67,4,1,51.14,32,42.11,424,8,4,3,9,0,0,0,5,0,0,0,0,0,22,1,45,2,1,25.0,2,33.33,2,7,1,0,11,4,4,27.27,0,1,1.7,0,0,0,Michael Gregoritsch,FC Augsburg,111483,2600,Germany Bundesliga
2,3,0,63,57.8,39,52.0,11,61.11,34,3,74.74,102,55.43,2021,19,20,7,25,0,0,0,36,4,0,0,0,0,141,4,639,15,15,36.59,63,35.59,21,123,13,2,11,5,3,18.18,1,1,1.49,0,1,0,Danny da Costa,1. FSV Mainz 05,97926,2556,Germany Bundesliga
2,2,0,86,56.58,35,51.47,10,41.67,49,1,75.84,121,55.0,2050,28,19,11,25,0,0,0,36,2,0,0,0,0,144,3,518,19,8,12.31,23,39.66,16,54,23,1,23,6,5,8.7,1,4,1.55,0,1,0,Robin Fellhauer,FC Augsburg,860461,2600,Germany Bundesliga
2,4,0,70,50.72,11,34.38,18,56.25,31,1,76.48,81,47.65,1560,21,22,21,24,0,0,0,26,4,0,0,0,0,153,0,361,28,15,26.32,7,35.0,10,16,12,2,34,11,11,5.88,2,1,2.27,0,0,0,Marco Grüll,SV Werder Bremen,815612,2534,Germany Bundesliga
2,2,0,77,40.1,33,50.77,34,43.04,21,6,75.38,110,42.8,1618,22,31,31,21,0,0,0,28,1,0,0,0,0,151,7,343,30,22,29.33,14,70.0,6,15,8,3,29,8,7,6.9,1,5,3.04,0,0,1,Bazoumana Touré,TSG Hoffenheim,1568123,2569,Germany Bundesliga
2,0,0,54,50.0,19,46.34,12,52.17,29,2,83.28,73,48.99,1875,14,24,7,24,0,0,0,20,2,0,0,0,0,175,4,558,25,27,27.0,9,31.03,14,62,12,2,8,3,2,25.0,0,2,1.22,0,1,0,Daniel Svensson,Borussia Dortmund,1021272,2673,Germany Bundesliga
1,0,0,8,50.0,1,50.0,1,16.67,5,0,76.47,9,50.0,108,2,2,1,3,0,0,0,1,0,0,0,0,0,9,0,26,2,0,0.0,0,0.0,1,0,0,1,2,1,0,50.0,0,0,0.91,0,0,0,Montrell Culbreath,Bayer 04 Leverkusen,1568522,2681,Germany Bundesliga
2,3,0,32,37.65,9,45.0,6,37.5,24,5,78.69,41,39.05,1665,2,9,17,22,0,0,0,39,1,0,0,0,0,191,6,639,39,23,32.86,37,41.57,11,25,18,1,25,8,7,8.0,0,3,3.29,0,1,0,Christian Eriksen,VfL Wolfsburg,105734,2524,Germany Bundesliga
11,2,0,38,37.62,75,55.97,11,55.0,2,1,75.35,113,48.09,1736,25,31,23,23,0,0,0,17,2,0,0,0,0,122,1,327,15,0,0.0,6,60.0,0,29,4,12,58,26,9,18.97,2,7,11.04,0,1,0,Serhou Guirassy,Borussia Dortmund,328027,2673,Germany Bundesliga
8,1,0,54,44.26,20,25.97,11,37.93,12,5,67.95,74,37.19,1700,32,18,22,24,0,0,0,27,1,0,0,0,0,123,6,318,27,3,50.0,7,58.33,4,17,15,6,54,21,11,14.81,2,10,6.46,0,0,0,Fisnik Asllani,TSG Hoffenheim,1010117,2569,Germany Bundesliga
3,5,0,47,41.96,13,41.94,11,39.29,30,4,89.24,60,41.96,1429,6,20,11,20,0,0,0,8,2,0,0,0,0,362,4,854,29,6,25.0,16,43.24,15,19,18,2,15,8,2,20.0,1,2,2.35,1,1,0,Konrad Laimer,FC Bayern München,355492,2672,Germany Bundesliga
1,4,0,50,53.19,17,53.13,5,45.45,31,1,80.72,67,53.17,1389,15,15,10,20,0,0,0,22,1,0,0,0,0,124,2,519,12,3,60.0,43,53.09,12,45,13,0,14,4,3,7.14,0,2,0.72,0,3,0,Kristijan Jakić,FC Augsburg,796206,2600,Germany Bundesliga
8,2,0,49,38.89,22,37.93,12,34.29,27,3,72.7,71,38.59,1449,10,16,16,22,0,0,0,21,2,0,0,0,0,99,6,261,23,3,13.04,13,72.22,5,13,22,7,48,15,7,16.67,0,11,7.37,1,0,0,Mohamed Amoura,VfL Wolfsburg,1107591,2524,Germany Bundesliga
3,3,0,88,57.89,6,28.57,11,42.31,56,4,83.33,94,54.34,1803,21,19,15,23,0,0,0,30,10,0,0,0,0,128,6,630,23,9,28.13,22,38.6,20,26,16,2,16,8,4,18.75,0,1,2.29,0,0,0,Nathaniel Brown,Eintracht Frankfurt,1159759,2674,Germany Bundesliga
2,1,0,37,55.22,26,61.9,13,65.0,10,1,84.3,63,57.8,893,14,13,8,21,0,0,0,9,0,0,0,0,0,111,3,306,19,4,28.57,6,42.86,9,16,3,3,18,8,4,11.11,0,1,1.55,0,1,0,Nikolas Nartey,VfB Stuttgart,861981,2677,Germany Bundesliga
1,8,0,46,66.67,24,37.5,4,50.0,30,0,89.76,70,52.63,1702,13,11,0,19,0,0,0,33,8,0,0,0,0,184,1,1148,11,1,9.09,61,51.26,24,112,8,2,9,4,1,11.11,0,0,0.7,1,3,0,Arthur Theate,Eintracht Frankfurt,965778,2674,Germany Bundesliga
1,6,2,71,59.66,31,50.0,4,50.0,36,0,83.52,102,56.35,1669,33,28,0,20,0,0,0,25,3,0,0,0,0,124,2,669,7,2,20.0,74,56.06,31,93,18,2,9,2,3,11.11,1,0,1.0,1,1,0,Dominik Kohr,1. FSV Mainz 05,152206,2556,Germany Bundesliga
0,2,0,44,70.97,30,65.22,6,100.0,23,2,90.67,74,68.52,1338,16,9,6,22,0,0,0,24,1,0,0,0,0,104,1,797,4,6,33.33,23,47.92,12,52,5,0,3,0,0,0.0,0,0,0.16,0,2,0,Ramon Hendriks,VfB Stuttgart,916943,2677,Germany Bundesliga
3,4,0,76,46.34,21,33.33,25,51.02,30,3,67.32,97,42.73,1166,22,19,29,17,0,0,0,20,4,0,0,0,0,101,2,239,7,2,10.0,10,35.71,18,15,18,1,15,6,4,20.0,0,1,2.0,0,0,0,Patrick Wimmer,VfL Wolfsburg,987504,2524,Germany Bundesliga
2,5,0,66,48.18,26,63.41,5,55.56,38,1,86.48,92,51.69,1719,23,29,15,22,0,0,0,28,1,0,0,0,0,118,1,774,10,3,60.0,19,44.19,20,33,25,0,16,5,2,12.5,1,0,1.32,0,1,0,Yannik Engelhardt,Borussia M'gladbach,990209,2527,Germany Bundesliga
1,1,0,9,56.25,3,75.0,3,75.0,2,0,87.3,12,60.0,369,4,1,1,8,0,0,0,5,2,0,0,0,0,41,1,110,7,1,16.67,7,77.78,1,8,4,1,7,2,1,14.29,0,0,0.32,0,0,0,Andreas Skov Olsen,VfL Wolfsburg,888537,2524,Germany Bundesliga
0,0,0,32,35.96,9,42.86,14,34.15,13,5,74.94,41,37.27,1432,5,9,13,19,0,0,0,23,0,0,0,0,0,142,7,308,36,31,30.39,7,31.82,5,18,10,1,14,3,6,0.0,0,7,0.72,0,0,0,Franck Honorat,Borussia M'gladbach,280453,2527,Germany Bundesliga
0,0,0,16,42.11,3,42.86,4,80.0,8,1,87.28,19,42.22,618,4,10,7,11,0,0,0,5,0,0,0,0,0,133,1,405,11,8,34.78,17,58.62,6,9,4,1,8,1,4,0.0,0,0,0.59,0,1,0,Pascal Groß,Borussia Dortmund,48480,2673,Germany Bundesliga
0,0,0,1,50.0,5,100.0,0,0.0,0,0,74.65,6,85.71,1075,2,0,0,12,25,17,8,13,4,9,5,1,5,19,0,318,0,0,0.0,104,50.49,0,8,1,0,0,0,0,0.0,0,0,,2,0,0,Michael Zetterer,Eintracht Frankfurt,190161,2674,Germany Bundesliga
0,3,0,34,61.82,25,50.0,4,66.67,17,1,91.22,59,56.19,1188,13,9,4,18,0,0,0,15,0,0,0,0,0,99,0,779,5,0,0.0,20,42.55,13,60,7,0,3,0,1,0.0,0,3,0.15,0,4,0,Finn Jeltsch,VfB Stuttgart,1418649,2677,Germany Bundesliga
7,1,0,20,38.46,43,62.32,5,31.25,4,2,79.27,63,52.07,1314,12,14,9,19,0,0,0,15,3,0,0,0,0,81,4,218,7,0,0.0,5,100.0,1,14,1,11,40,15,8,17.5,2,3,9.09,0,0,0,Patrik Schick,Bayer 04 Leverkusen,280609,2681,Germany Bundesliga
5,3,0,29,41.43,25,46.3,6,50.0,11,3,83.13,54,43.55,990,13,26,11,22,0,0,0,10,0,0,0,0,0,64,2,138,14,0,0.0,0,0.0,2,17,1,10,35,17,3,14.29,1,3,5.24,0,0,0,Christian Kofane,Bayer 04 Leverkusen,2029648,2681,Germany Bundesliga
3,3,0,24,46.15,3,10.34,10,62.5,4,1,83.97,27,33.33,596,10,6,15,9,0,0,0,14,2,0,0,0,0,43,2,110,6,0,0.0,3,42.86,2,5,1,4,18,9,7,16.67,0,4,2.24,0,0,0,Arnaud Kalimuendo,Eintracht Frankfurt,954061,2674,Germany Bundesliga
1,7,0,65,51.59,68,53.54,2,66.67,31,2,86.59,133,52.57,1853,36,31,13,23,0,0,0,30,3,0,0,0,0,102,4,872,12,2,33.33,23,35.38,24,101,18,1,11,1,5,9.09,1,0,0.99,0,0,0,Eric Martel,1. FC Köln,988639,2671,Germany Bundesliga
1,0,0,11,55.0,1,50.0,3,100.0,4,0,82.35,12,54.55,235,4,3,3,11,0,0,0,5,1,0,0,0,0,52,0,126,7,5,33.33,8,66.67,4,4,4,2,7,3,3,14.29,0,0,0.72,0,0,0,Florian Kainz,1. FC Köln,78781,2671,Germany Bundesliga
0,0,0,0,0.0,0,0.0,0,0.0,0,1,66.67,0,0.0,10,0,1,0,1,0,0,0,0,0,0,0,0,0,1,1,2,1,1,100.0,0,0.0,1,0,0,0,0,0,0,0.0,0,0,,0,0,0,Charles Herrmann,Borussia M'gladbach,1470008,2527,Germany Bundesliga
1,1,0,54,70.13,101,61.96,4,100.0,37,1,87.04,155,64.58,2250,14,6,1,25,0,0,0,51,6,0,0,0,0,56,2,893,8,0,0.0,33,39.76,25,186,17,5,26,5,2,3.85,0,2,2.82,1,1,0,Patrick Mainka,1. FC Heidenheim,254429,5885,Germany Bundesliga
5,6,0,68,50.37,26,44.83,2,22.22,52,0,64.19,94,48.7,2030,15,35,12,23,0,0,0,30,3,0,0,0,0,79,3,303,12,5,31.25,18,30.0,29,50,15,1,17,9,6,29.41,0,2,1.69,1,0,0,Rani Khedira,1. FC Union Berlin,149479,2547,Germany Bundesliga
0,3,0,52,50.49,23,60.53,12,66.67,31,1,75.98,75,53.19,1458,10,15,14,22,0,0,0,19,1,0,0,0,0,144,2,525,11,2,25.0,47,48.45,14,22,17,1,12,2,6,0.0,0,0,0.8,0,0,0,Aljoscha Kemlein,1. FC Union Berlin,1198074,2547,Germany Bundesliga
4,2,0,39,38.24,8,30.77,14,51.85,18,2,76.05,47,36.72,1325,7,17,31,20,0,0,0,25,2,0,0,0,0,106,1,254,19,5,31.25,14,60.87,10,10,5,4,33,14,9,12.12,2,2,3.29,0,0,0,Yuito Suzuki,SC Freiburg,1020422,2538,Germany Bundesliga
2,5,0,40,56.34,25,51.02,2,33.33,30,0,71.7,65,54.17,1336,9,13,5,19,0,0,0,19,2,0,0,0,0,94,2,304,3,2,8.33,18,42.86,13,44,10,4,17,3,5,11.76,0,2,2.26,0,0,0,Silvan Widmer,1. FSV Mainz 05,157377,2556,Germany Bundesliga
3,1,0,10,40.0,10,50.0,5,62.5,3,0,77.14,20,44.44,302,2,6,5,8,0,0,0,5,1,0,0,0,0,10,0,54,1,0,0.0,0,0.0,1,1,1,2,9,4,3,33.33,0,2,1.7,0,0,0,Jovan Milošević,SV Werder Bremen,1154491,2534,Germany Bundesliga
1,3,0,26,46.43,7,38.89,3,75.0,19,1,83.72,33,44.59,1232,4,8,7,22,0,0,0,21,4,0,0,0,0,145,1,499,22,18,34.62,35,46.05,3,12,14,0,5,1,1,20.0,0,1,0.65,0,0,1,Ísak Bergmann Jóhannesson,1. FC Köln,1112327,2671,Germany Bundesliga
0,3,0,61,63.54,43,64.18,6,50.0,29,0,84.74,104,63.8,1544,26,15,8,23,0,0,0,18,1,0,0,0,0,177,3,744,10,2,33.33,15,44.12,12,43,8,2,7,2,2,0.0,1,1,0.73,1,1,0,Atakan Karazor,VfB Stuttgart,801030,2677,Germany Bundesliga
3,3,0,41,46.07,18,56.25,5,27.78,16,1,73.21,59,48.76,1286,21,8,15,19,0,0,0,25,1,0,0,0,0,77,1,235,7,8,28.57,20,40.82,12,37,12,2,21,10,5,14.29,0,4,1.8,0,0,0,Jan Thielmann,1. FC Köln,1010726,2671,Germany Bundesliga
0,2,0,19,59.38,3,50.0,3,60.0,14,1,78.13,22,57.89,355,3,10,1,6,0,0,0,4,1,0,0,0,0,30,0,125,7,5,21.74,4,28.57,2,7,1,0,3,1,2,0.0,0,1,0.22,0,0,0,Olivier Deman,SV Werder Bremen,960114,2534,Germany Bundesliga
4,3,0,48,40.0,7,18.92,9,39.13,17,3,74.85,55,35.03,1394,22,31,23,21,0,0,0,25,3,0,0,0,0,192,3,503,30,19,20.65,16,28.57,7,9,7,2,37,14,14,10.81,0,7,4.17,0,0,0,Danel Sinani,FC St. Pauli,887500,2526,Germany Bundesliga
0,1,0,12,60.0,4,80.0,2,33.33,4,0,77.36,16,64.0,159,6,2,2,5,0,0,0,4,0,0,0,0,0,17,0,41,1,2,28.57,3,75.0,2,8,0,0,2,1,0,0.0,0,0,0.07,0,0,0,Kevin Paredes,VfL Wolfsburg,1016810,2524,Germany Bundesliga
11,0,0,25,26.6,82,53.59,5,35.71,7,2,69.65,107,43.32,1780,15,33,24,24,0,0,0,30,0,0,0,0,0,71,0,257,13,0,0.0,3,75.0,0,45,8,8,52,21,13,21.15,2,20,10.92,0,0,0,Haris Tabaković,Borussia M'gladbach,259803,2527,Germany Bundesliga
0,2,0,18,50.0,2,50.0,2,28.57,9,0,88.57,20,50.0,373,7,3,4,9,0,0,0,3,1,0,0,0,0,95,0,403,3,0,0.0,5,38.46,3,9,6,0,4,1,1,0.0,0,0,0.23,0,1,0,Exequiel Palacios,Bayer 04 Leverkusen,822600,2681,Germany Bundesliga
0,1,1,50,56.18,8,34.78,8,53.33,25,0,88.89,58,51.79,830,18,9,11,15,0,0,0,12,2,0,0,0,0,114,1,616,5,0,0.0,27,62.79,10,16,13,0,8,1,3,0.0,0,1,0.54,0,1,0,Ezequiel Fernández,Bayer 04 Leverkusen,1003012,2681,Germany Bundesliga
2,0,0,12,38.71,0,0.0,5,45.45,3,0,85.47,12,35.29,615,4,4,6,14,0,0,0,10,1,0,0,0,0,69,1,153,7,3,14.29,5,62.5,1,4,3,1,16,7,4,12.5,0,1,1.05,0,0,0,Linton Maina,1. FC Köln,921033,2671,Germany Bundesliga
0,2,0,28,53.85,14,41.18,2,20.0,21,2,80.22,42,48.84,1243,5,9,0,21,0,0,0,27,2,0,0,0,0,91,6,373,12,6,18.75,46,56.79,17,61,8,1,6,1,2,0.0,0,1,0.6,0,0,0,Marnon Busch,1. FC Heidenheim,168861,5885,Germany Bundesliga
1,0,0,4,36.36,12,85.71,2,100.0,1,2,89.21,16,64.0,492,1,6,0,10,0,0,0,5,1,0,0,0,0,89,1,372,4,0,0.0,12,46.15,8,18,2,1,9,3,2,11.11,0,0,0.81,0,0,0,Hiroki Itō,FC Bayern München,873106,2672,Germany Bundesliga
1,6,0,96,61.94,27,49.09,6,37.5,51,1,78.96,123,58.57,1548,40,21,13,20,0,0,0,23,2,0,0,0,0,90,2,469,11,4,23.53,16,29.09,32,50,16,2,16,4,6,6.25,1,2,1.11,1,1,0,Nicolás Capaldo,Hamburger SV,973564,2676,Germany Bundesliga
3,1,0,23,43.4,22,61.11,4,50.0,13,0,81.06,45,50.56,1117,6,8,6,19,0,0,0,22,3,0,0,0,0,61,1,398,3,1,33.33,26,48.15,15,32,13,1,17,5,6,17.65,0,1,1.17,1,0,0,Julian Niehues,1. FC Heidenheim,1066042,5885,Germany Bundesliga
2,1,0,10,34.48,0,0.0,5,45.45,1,1,73.68,10,29.41,226,4,4,3,8,0,0,0,4,1,0,0,0,0,12,0,28,2,3,30.0,1,25.0,0,4,7,0,6,4,1,33.33,0,2,0.19,0,0,0,Ayoube Amaimouni-Echghouyab,Eintracht Frankfurt,1898148,2674,Germany Bundesliga
0,4,0,31,53.45,67,59.29,2,66.67,21,0,87.1,98,57.31,1944,9,21,2,23,0,0,0,25,1,0,0,0,0,87,0,932,2,1,20.0,46,43.4,13,144,5,3,6,2,1,0.0,1,0,1.87,1,1,0,Robin Hranáč,TSG Hoffenheim,957615,2569,Germany Bundesliga
0,4,0,56,43.08,20,41.67,4,30.77,43,0,86.63,76,42.7,2037,9,30,9,23,0,0,0,35,5,0,0,0,0,187,1,1017,10,2,16.67,70,63.06,51,69,30,1,17,2,9,0.0,2,0,0.65,1,3,0,Senne Lynen,SV Werder Bremen,826171,2534,Germany Bundesliga
3,0,0,14,46.67,8,66.67,2,25.0,7,3,77.07,22,52.38,526,5,3,4,17,0,0,0,8,1,0,0,0,0,40,4,121,10,3,21.43,11,52.38,1,6,3,3,14,7,4,21.43,2,1,3.3,0,0,0,Luca Waldschmidt,1. FC Köln,319861,2671,Germany Bundesliga
4,3,0,47,56.63,111,66.47,1,50.0,34,0,75.94,158,63.2,2160,13,22,4,24,0,0,0,35,3,0,0,0,0,94,0,628,6,1,16.67,44,30.77,28,121,10,2,32,5,5,12.5,1,1,3.08,0,1,0,Danilho Doekhi,1. FC Union Berlin,830803,2547,Germany Bundesliga
7,2,0,46,46.0,42,40.78,9,42.86,20,4,74.83,88,43.35,1594,19,13,23,21,0,0,0,21,0,0,0,0,0,122,6,321,22,0,0.0,9,75.0,7,26,8,15,43,21,5,16.28,2,5,9.9,0,1,1,Rômulo,RB Leipzig,1133743,36360,Germany Bundesliga
0,1,0,27,48.21,8,50.0,9,56.25,16,2,76.84,35,48.61,943,2,8,6,15,0,0,0,10,0,0,0,0,0,66,4,272,10,7,26.92,10,22.22,5,38,9,0,2,0,2,0.0,0,0,0.05,0,0,0,Luca Netz,Borussia M'gladbach,979144,2527,Germany Bundesliga
2,3,0,29,56.86,4,50.0,7,63.64,13,2,83.14,33,55.93,965,9,5,7,20,0,0,0,9,0,0,0,0,0,128,4,434,13,2,7.41,16,61.54,2,13,7,1,21,7,6,9.52,1,1,1.58,0,3,0,Jonas Hofmann,Bayer 04 Leverkusen,142390,2681,Germany Bundesliga
1,2,0,64,46.04,23,40.35,14,40.0,28,2,72.46,87,44.39,1782,23,9,16,24,0,0,0,37,4,0,0,0,0,186,6,500,44,27,26.47,38,53.52,18,18,29,6,41,17,12,2.44,1,4,5.71,0,2,0,Arijon Ibrahimović,1. FC Heidenheim,1142248,5885,Germany Bundesliga
0,1,0,20,55.56,4,40.0,8,47.06,8,1,92.27,24,52.17,357,4,2,5,8,0,0,0,4,0,0,0,0,0,77,0,215,4,2,40.0,4,80.0,2,5,0,0,2,0,0,0.0,0,0,0.13,0,0,0,Alphonso Davies,FC Bayern München,843665,2672,Germany Bundesliga
0,0,0,1,100.0,0,0.0,0,0.0,0,0,95.83,1,100.0,37,1,0,0,2,0,0,0,0,0,0,0,0,0,2,0,23,0,0,0.0,1,50.0,1,3,0,0,0,0,0,0.0,0,0,,0,0,0,Skelly Alvero,SV Werder Bremen,1165722,2534,Germany Bundesliga
0,0,0,18,69.23,15,83.33,2,66.67,13,0,83.79,33,75.0,476,3,3,2,6,0,0,0,8,2,0,0,0,0,22,0,212,2,1,33.33,9,25.71,9,34,2,0,0,0,0,0.0,0,0,,0,1,0,Tomoya Ando,FC St. Pauli,1125024,2526,Germany Bundesliga
0,1,0,12,48.0,3,60.0,0,0.0,10,0,66.04,15,50.0,230,2,5,2,6,0,0,0,5,0,0,0,0,0,13,0,35,0,1,33.33,6,60.0,1,7,3,0,1,0,1,0.0,0,0,0.08,0,0,0,Sota Kawasaki,1. FSV Mainz 05,1028306,2556,Germany Bundesliga
3,3,0,39,47.56,7,43.75,9,33.33,9,2,81.02,46,46.94,714,21,11,13,18,0,0,0,13,0,0,0,0,0,75,2,175,10,3,33.33,1,25.0,3,7,1,3,27,8,9,11.11,1,1,4.13,0,0,0,Tiago Tomás,VfB Stuttgart,983540,2677,Germany Bundesliga
0,0,0,18,51.43,11,45.83,1,12.5,12,0,89.31,29,49.15,670,6,4,4,9,0,0,0,10,4,0,0,0,0,29,0,259,0,0,0.0,5,31.25,5,40,2,1,4,1,1,0.0,0,0,0.17,0,1,0,Bruno Ogbus,SC Freiburg,1596573,2538,Germany Bundesliga
3,2,0,58,48.74,43,41.35,4,28.57,34,2,77.58,101,45.29,1913,20,15,18,23,0,0,0,32,3,0,0,0,0,147,7,443,20,7,29.17,22,55.0,22,31,21,3,26,7,10,11.54,1,8,2.52,1,1,0,Jae-sung Lee,1. FSV Mainz 05,537552,2556,Germany Bundesliga
1,4,0,76,58.02,61,55.96,2,40.0,41,0,75.73,137,57.08,1860,37,24,17,23,0,0,0,31,3,0,0,0,0,160,2,652,9,3,37.5,19,27.14,42,38,12,0,16,4,3,6.25,0,0,1.0,0,0,0,James Sands,FC St. Pauli,885892,2526,Germany Bundesliga
1,5,0,47,65.28,15,42.86,2,66.67,40,1,82.66,62,57.94,992,5,15,0,14,0,0,0,17,2,0,0,0,0,51,0,386,4,1,100.0,23,41.82,16,61,9,0,2,1,0,50.0,0,0,0.09,0,0,0,Adam Dźwigała,FC St. Pauli,252343,2526,Germany Bundesliga
0,2,0,14,56.0,3,60.0,6,54.55,3,0,85.71,17,56.67,204,5,3,3,7,0,0,0,2,0,0,0,0,0,41,2,96,5,1,16.67,1,50.0,1,1,1,0,4,1,2,0.0,1,0,0.12,0,0,0,Eliesse Ben Seghir,Bayer 04 Leverkusen,1394353,2681,Germany Bundesliga
4,2,0,53,45.69,4,23.53,15,35.71,12,1,75.86,57,42.86,771,26,10,18,22,0,0,0,15,1,0,0,0,0,47,1,110,14,14,28.0,4,57.14,4,8,8,2,27,10,10,14.81,1,1,1.84,0,0,0,Derry Scherhant,SC Freiburg,1131002,2538,Germany Bundesliga
2,0,0,40,57.14,9,27.27,6,46.15,16,1,75.56,49,47.57,995,18,9,8,22,0,0,0,17,1,0,0,0,0,73,0,204,6,5,18.52,5,45.45,5,15,8,2,16,5,4,12.5,0,3,1.73,0,0,0,Woo-Yeong Jeong,1. FC Union Berlin,927405,2547,Germany Bundesliga
2,1,0,30,45.45,1,12.5,14,48.28,5,0,83.81,31,41.89,714,11,10,8,15,0,0,0,9,0,0,0,0,0,69,0,207,8,2,15.38,2,25.0,1,3,4,2,18,7,6,11.11,2,3,1.54,0,0,0,Johan Bakayoko,RB Leipzig,1088896,36360,Germany Bundesliga
1,1,0,9,47.37,19,70.37,1,100.0,5,0,86.18,28,60.87,591,4,5,0,10,0,0,0,14,2,0,0,0,0,22,0,237,2,1,50.0,11,33.33,3,78,6,1,6,3,0,16.67,0,0,0.7,0,0,0,Denis Vavro,VfL Wolfsburg,293127,2524,Germany Bundesliga
0,0,0,8,100.0,10,62.5,1,100.0,5,0,87.61,18,75.0,369,2,1,0,5,0,0,0,7,0,0,0,0,0,12,0,191,1,0,0.0,15,51.72,8,25,0,0,5,3,1,0.0,0,0,0.31,0,1,0,Jahmai Simpson-Pusey,1. FC Köln,1402924,2671,Germany Bundesliga
1,2,0,73,62.39,8,26.67,12,42.86,34,2,85.16,81,55.1,1628,28,13,7,21,0,0,0,24,4,0,0,0,0,111,2,465,16,6,25.0,20,46.51,6,30,10,1,12,4,4,8.33,0,1,0.77,2,0,0,Philipp Treu,SC Freiburg,979820,2538,Germany Bundesliga
1,5,0,61,49.59,4,21.05,9,32.14,26,2,74.27,65,45.77,1300,26,13,16,19,0,0,0,15,4,0,0,0,0,67,2,254,28,26,29.89,12,44.44,14,18,14,4,19,10,2,5.26,0,4,2.66,0,1,0,Jan-Niklas Beste,SC Freiburg,836711,2538,Germany Bundesliga
0,2,0,22,45.83,5,38.46,6,50.0,6,2,81.82,27,44.26,458,10,9,7,10,0,0,0,7,3,0,0,0,0,33,2,90,10,0,0.0,4,80.0,2,6,4,2,8,2,4,0.0,1,4,1.04,0,0,0,Nathan Tella,Bayer 04 Leverkusen,920379,2681,Germany Bundesliga
3,1,0,16,37.21,24,50.0,2,28.57,7,0,73.54,40,43.96,865,7,7,9,24,0,0,0,26,1,0,0,0,0,52,0,164,13,1,11.11,8,88.89,2,12,7,3,22,11,4,13.64,0,7,2.66,0,0,0,Shuto Machino,Borussia M'gladbach,925910,2527,Germany Bundesliga
0,8,0,43,47.25,17,50.0,5,38.46,23,1,77.0,60,48.0,1158,17,19,8,21,0,0,0,24,2,0,0,0,0,80,3,328,17,25,46.3,22,41.51,6,27,14,1,11,1,8,0.0,0,1,0.58,0,0,0,Janik Haberer,1. FC Union Berlin,168985,2547,Germany Bundesliga
2,1,0,47,51.65,5,31.25,20,48.78,17,0,85.51,52,48.6,674,10,8,12,20,0,0,0,4,0,0,0,0,0,114,0,242,10,0,0.0,2,66.67,6,5,4,1,14,2,3,14.29,1,0,1.71,0,1,0,Carney Chukwuemeka,Borussia Dortmund,994556,2673,Germany Bundesliga
0,0,0,18,42.86,2,16.67,3,50.0,10,1,82.5,20,37.04,695,5,10,6,11,0,0,0,6,1,0,0,0,0,39,0,132,3,1,5.88,10,66.67,5,21,6,2,6,2,1,0.0,0,2,0.41,0,0,0,Bakery Jatta,Hamburger SV,842526,2676,Germany Bundesliga
1,0,0,1,16.67,0,0.0,0,0.0,1,0,100.0,1,14.29,55,0,3,1,4,0,0,0,0,0,0,0,0,0,5,0,17,0,0,0.0,2,100.0,1,2,1,0,1,1,0,100.0,0,0,0.29,0,0,0,Oscar Fraulo,Borussia M'gladbach,1008245,2527,Germany Bundesliga
0,2,0,5,62.5,6,75.0,0,0.0,4,0,78.43,11,68.75,164,1,1,1,4,0,0,0,2,0,0,0,0,0,3,0,40,0,0,0.0,3,42.86,1,13,1,0,0,0,0,0.0,0,0,,0,0,0,Yannik Keitel,FC Augsburg,877842,2600,Germany Bundesliga
0,1,0,31,62.0,10,76.92,2,40.0,16,0,79.74,41,65.08,577,13,8,3,8,0,0,0,13,2,0,0,0,0,53,0,185,6,4,36.36,7,35.0,10,18,5,0,2,1,0,0.0,0,3,0.06,1,0,0,Felix Agu,SV Werder Bremen,933398,2534,Germany Bundesliga
2,1,0,38,48.72,18,47.37,5,35.71,21,8,77.55,56,48.28,1208,12,10,11,18,0,0,0,25,5,0,0,0,0,132,6,411,26,11,19.3,15,44.12,10,20,11,2,18,6,6,11.11,1,2,1.58,0,1,0,Farès Chaïbi,Eintracht Frankfurt,1192318,2674,Germany Bundesliga
1,4,0,87,45.08,11,44.0,31,50.82,46,3,76.03,98,44.95,1947,10,27,24,23,0,0,0,32,4,0,0,0,0,223,5,682,25,2,9.52,28,32.18,26,15,27,0,23,4,8,4.35,0,3,0.8,0,1,0,Joel Chima Fujita,FC St. Pauli,1002461,2526,Germany Bundesliga
3,2,0,54,36.99,13,29.55,15,41.67,19,3,71.86,67,35.26,1549,21,31,24,23,0,0,0,31,3,0,0,0,0,163,5,332,26,20,25.64,21,44.68,9,8,18,0,26,7,7,11.54,0,2,2.74,0,0,0,Fabian Rieder,FC Augsburg,929620,2600,Germany Bundesliga
0,6,1,112,51.14,20,51.28,17,43.59,50,2,77.01,132,51.16,2027,46,29,34,24,0,0,0,36,1,0,0,0,0,185,4,717,22,10,14.29,45,44.12,39,34,25,0,34,11,8,0.0,0,4,1.68,0,3,0,Rocco Reitz,Borussia M'gladbach,1048650,2527,Germany Bundesliga
1,0,0,45,50.0,7,31.82,17,60.71,15,0,82.42,52,46.43,772,13,11,14,19,0,0,0,19,1,0,0,0,0,80,0,272,13,1,11.11,12,70.59,4,6,10,1,10,4,3,10.0,0,1,0.83,0,1,0,Adrian Beck,1. FC Heidenheim,845742,5885,Germany Bundesliga
5,1,0,18,42.86,37,40.22,3,25.0,8,0,69.42,55,41.04,945,7,10,7,22,0,0,0,29,3,0,0,0,0,46,1,143,6,0,0.0,10,83.33,0,10,2,5,30,13,4,16.67,2,3,4.86,0,0,0,Dženan Pejčinović,VfL Wolfsburg,1127790,2524,Germany Bundesliga
0,3,1,48,43.24,3,33.33,9,42.86,28,1,78.15,51,42.5,1446,11,25,20,22,0,0,0,19,2,0,0,0,0,103,3,329,18,21,26.58,23,39.66,6,33,7,1,17,2,7,0.0,2,3,0.65,0,1,0,Derrick Köhn,1. FC Union Berlin,886737,2547,Germany Bundesliga
0,0,0,27,42.86,2,25.0,6,50.0,12,1,79.35,29,40.85,897,9,9,13,15,0,0,0,9,0,0,0,0,0,92,1,369,7,2,22.22,21,44.68,9,11,10,0,21,5,10,0.0,1,0,1.0,0,1,0,Florian Neuhaus,Borussia M'gladbach,837205,2527,Germany Bundesliga
2,3,0,33,45.21,27,49.09,10,52.63,15,0,74.76,60,46.88,1060,8,13,12,19,0,0,0,21,1,0,0,0,0,108,3,234,18,4,20.0,9,50.0,6,14,9,4,23,10,5,8.7,0,9,2.97,0,0,0,Anton Kade,FC Augsburg,1129365,2600,Germany Bundesliga
0,0,0,27,62.79,2,16.67,4,40.0,10,0,82.5,29,52.73,474,13,4,3,13,0,0,0,10,1,0,0,0,0,41,0,132,3,3,16.67,5,50.0,4,6,3,0,13,2,4,0.0,2,1,0.79,0,0,0,Arnaud Nordin,1. FSV Mainz 05,848458,2556,Germany Bundesliga
1,0,0,16,48.48,7,46.67,3,75.0,13,2,83.28,23,47.92,1139,0,6,4,17,0,0,0,17,6,0,0,0,0,104,1,508,11,3,50.0,30,54.55,13,18,7,0,7,3,2,14.29,0,0,0.8,0,0,0,Hugo Larsson,Eintracht Frankfurt,1142211,2674,Germany Bundesliga
7,2,0,40,38.1,19,42.22,12,37.5,14,3,70.34,59,39.33,1275,14,13,22,22,0,0,0,13,0,0,0,0,0,116,4,249,17,2,14.29,5,38.46,6,13,10,8,33,16,10,21.21,1,1,5.15,0,1,1,Maximilian Beier,Borussia Dortmund,980628,2673,Germany Bundesliga
5,1,0,62,37.8,13,23.21,23,44.23,11,1,78.18,75,34.09,1462,29,17,47,24,0,0,0,20,2,0,0,0,0,80,1,172,13,4,30.77,3,37.5,4,13,10,3,25,8,7,20.0,1,7,2.74,0,0,0,Ilyas Ansah,1. FC Union Berlin,1462742,2547,Germany Bundesliga
4,1,0,13,32.5,5,50.0,4,33.33,3,0,81.53,18,36.0,563,6,9,8,16,0,0,0,2,0,0,0,0,0,79,2,128,13,0,0.0,1,100.0,2,0,2,6,17,10,1,23.53,0,2,3.64,0,0,0,Nicolas Jackson,FC Bayern München,1085381,2672,Germany Bundesliga
2,2,0,43,58.11,33,61.11,2,40.0,33,1,81.5,76,59.38,1213,8,15,6,16,0,0,0,23,1,0,0,0,0,93,2,414,8,6,30.0,23,42.59,28,48,9,0,18,4,5,11.11,1,4,3.15,0,0,0,Lukas Kübler,SC Freiburg,142525,2538,Germany Bundesliga
2,1,0,9,45.0,9,39.13,6,85.71,2,0,73.08,18,41.86,298,1,7,2,5,0,0,0,4,0,0,0,0,0,17,0,38,1,0,0.0,1,100.0,1,1,2,2,14,6,2,14.29,1,3,2.32,0,0,0,Rodrigo Ribeiro,FC Augsburg,1215904,2600,Germany Bundesliga
1,0,0,2,15.38,1,12.5,0,0.0,0,0,76.92,3,14.29,110,2,2,5,2,0,0,0,2,1,0,0,0,0,5,0,10,2,0,0.0,0,0.0,1,1,2,0,3,1,0,33.33,0,0,0.4,0,0,0,Younes Ebnoutalib,Eintracht Frankfurt,1474296,2674,Germany Bundesliga
0,0,0,1,50.0,0,0.0,0,0.0,1,0,100.0,1,33.33,34,0,1,0,1,0,0,0,0,0,0,0,0,0,2,0,8,1,0,0.0,0,0.0,1,1,0,0,0,0,0,0.0,0,0,,0,0,0,Bence Dárdai,VfL Wolfsburg,1418624,2524,Germany Bundesliga
0,0,0,1,100.0,0,0.0,0,0.0,1,0,80.0,1,100.0,15,0,0,0,1,0,0,0,0,0,0,0,0,0,0,0,4,0,0,0.0,0,0.0,1,0,0,0,0,0,0,0.0,0,0,,0,0,0,Arne Maier,FC Augsburg,836706,2600,Germany Bundesliga
0,0,0,2,66.67,0,0.0,0,0.0,2,0,90.0,2,66.67,9,0,0,1,1,0,0,0,0,0,0,0,0,0,3,0,9,0,0,0.0,0,0.0,0,0,0,0,0,0,0,0.0,0,0,,0,0,0,Ben Justus Bobzien,1. FSV Mainz 05,1134525,2556,Germany Bundesliga
0,0,0,0,0.0,0,0.0,0,0.0,0,0,100.0,0,0.0,9,0,0,0,1,0,0,0,0,1,0,0,0,0,0,0,2,0,0,0.0,0,0.0,0,2,0,0,0,0,0,0.0,0,0,,0,0,0,Luka Duric,TSG Hoffenheim,2216257,2569,Germany Bundesliga
0,2,0,40,57.14,39,53.42,4,50.0,20,0,73.32,79,55.24,1361,16,20,2,16,0,0,0,18,3,0,0,0,0,86,0,481,3,1,33.33,54,35.76,26,94,7,2,9,1,4,0.0,0,0,1.12,0,0,0,Diogo Leite,1. FC Union Berlin,855663,2547,Germany Bundesliga
0,0,0,27,50.0,30,50.0,7,53.85,11,0,72.16,57,50.0,829,9,12,4,15,0,0,0,8,1,0,0,0,0,89,1,241,6,1,12.5,12,48.0,17,30,6,0,11,3,3,0.0,0,0,0.72,0,1,0,Jackson Irvine,FC St. Pauli,181581,2526,Germany Bundesliga
0,0,0,0,0.0,5,83.33,0,0.0,0,0,85.56,5,62.5,90,0,2,0,1,0,0,0,1,1,0,0,0,0,10,0,77,0,0,0.0,3,50.0,2,0,0,0,2,1,0,0.0,0,0,0.38,0,0,0,Piero Hincapié,Bayer 04 Leverkusen,1002837,2681,Germany Bundesliga
0,0,0,2,40.0,3,100.0,1,33.33,0,0,50.0,5,62.5,40,1,0,1,2,0,0,0,1,0,0,0,0,0,1,0,4,0,0,0.0,0,0.0,0,0,0,1,2,1,1,0.0,0,0,0.28,0,0,0,Otto Stange,Hamburger SV,1568535,2676,Germany Bundesliga
0,0,0,4,66.67,0,0.0,1,33.33,0,0,86.67,4,66.67,55,3,0,0,2,0,0,0,3,0,0,0,0,0,3,0,13,1,0,0.0,1,100.0,0,0,0,0,3,0,3,0.0,0,0,0.12,0,0,0,Loïs Openda,RB Leipzig,835480,36360,Germany Bundesliga
0,0,0,8,34.78,0,0.0,0,0.0,5,0,76.92,8,27.59,184,3,5,5,6,0,0,0,4,0,0,0,0,0,15,0,40,2,2,22.22,1,50.0,1,6,1,0,2,0,2,0.0,0,1,0.09,0,0,0,Mads Pedersen,FC Augsburg,809219,2600,Germany Bundesliga
0,0,0,3,60.0,1,50.0,1,50.0,0,0,71.43,4,57.14,46,2,0,0,2,0,0,0,1,0,0,0,0,0,1,0,5,0,0,0.0,0,0.0,0,2,1,0,1,0,1,0.0,0,0,0.03,0,0,0,Václav Černý,VfL Wolfsburg,280631,2524,Germany Bundesliga
0,0,0,0,0.0,0,0.0,0,0.0,0,0,90.0,0,0.0,13,0,0,0,4,0,0,0,0,0,0,0,0,0,2,0,9,1,0,0.0,0,0.0,0,3,0,0,1,0,1,0.0,0,0,0.03,0,0,0,Lukas Klostermann,RB Leipzig,319853,36360,Germany Bundesliga
0,5,0,27,51.92,15,48.39,0,0.0,19,0,80.92,42,50.6,1030,8,12,3,18,0,0,0,16,2,0,0,0,0,87,1,458,4,8,33.33,27,36.49,8,66,7,1,7,1,2,0.0,0,0,0.41,0,0,0,Cedric Zesiger,FC Augsburg,798926,2600,Germany Bundesliga
0,1,0,25,60.98,3,50.0,1,50.0,16,0,91.65,28,59.57,670,8,8,5,14,0,0,0,13,1,0,0,0,0,66,0,373,4,0,0.0,13,59.09,4,9,3,0,6,0,4,0.0,0,0,0.42,0,0,0,Denis Huseinbašić,1. FC Köln,1064842,2671,Germany Bundesliga
0,3,0,45,47.37,9,39.13,7,53.85,17,0,72.4,54,45.76,1383,21,16,16,20,0,0,0,21,4,0,0,0,0,100,1,278,11,17,29.82,20,40.82,7,30,14,1,6,0,0,0.0,2,3,0.84,0,0,0,Phillipp Mwene,1. FSV Mainz 05,138126,2556,Germany Bundesliga
2,1,0,50,45.05,16,53.33,10,30.3,21,2,66.56,66,46.81,1044,19,14,12,19,0,0,0,28,0,0,0,0,0,111,5,217,13,2,13.33,4,18.18,10,22,15,2,18,5,7,11.11,0,2,1.37,0,0,0,Adam Daghim,VfL Wolfsburg,1180758,2524,Germany Bundesliga
1,0,0,10,45.45,2,50.0,0,0.0,3,0,83.15,12,46.15,240,7,2,6,9,0,0,0,5,0,0,0,0,0,32,0,74,2,0,0.0,0,0.0,1,1,0,0,6,3,2,16.67,1,0,0.7,0,0,0,Wael Mohya,Borussia M'gladbach,1995809,2527,Germany Bundesliga
1,1,0,16,43.24,4,22.22,8,53.33,3,0,74.14,20,36.36,342,5,4,8,8,0,0,0,7,1,0,0,0,0,19,0,43,3,0,0.0,0,0.0,0,0,2,3,8,7,0,12.5,0,2,1.68,0,0,0,Silas,1. FSV Mainz 05,949062,2556,Germany Bundesliga
0,0,0,12,50.0,8,33.33,4,100.0,5,0,84.48,20,41.67,813,3,6,2,11,0,0,0,10,1,0,0,0,0,27,0,343,5,0,0.0,26,50.0,8,44,6,0,2,1,0,0.0,0,0,0.1,0,1,0,Warmed Omari,Hamburger SV,999030,2676,Germany Bundesliga
4,2,0,22,33.33,16,36.36,8,32.0,7,1,73.6,38,34.55,1097,7,7,14,21,0,0,0,18,2,0,0,0,0,71,2,145,14,7,35.0,2,100.0,4,1,8,4,23,10,2,17.39,0,5,2.93,0,0,0,Oliver Burke,1. FC Union Berlin,608362,2547,Germany Bundesliga
0,0,0,7,46.67,1,100.0,1,20.0,0,0,91.3,8,50.0,200,6,1,3,5,0,0,0,6,0,0,0,0,0,15,1,42,5,1,12.5,1,33.33,1,1,0,0,3,0,0,0.0,0,1,0.25,0,1,0,Hugo Bolin,Borussia M'gladbach,1142210,2527,Germany Bundesliga
2,4,0,19,50.0,61,59.22,1,50.0,12,1,70.26,80,56.74,1049,7,15,2,18,0,0,0,20,1,0,0,0,0,41,3,293,5,0,0.0,34,34.34,18,103,4,0,12,5,1,16.67,0,1,1.73,0,1,0,Stefan Bell,1. FSV Mainz 05,106662,2556,Germany Bundesliga
0,0,0,21,72.41,23,56.1,2,66.67,13,0,86.02,44,62.86,696,6,5,2,9,0,0,0,16,1,0,0,0,0,13,0,326,0,0,0.0,14,36.84,5,72,1,1,2,0,0,0.0,0,0,0.2,0,1,0,Jenson Seelt,VfL Wolfsburg,1088897,2524,Germany Bundesliga
6,0,0,44,41.9,52,50.0,9,47.37,16,1,63.27,96,45.93,949,19,32,11,22,0,0,0,9,5,0,0,0,0,42,2,124,9,0,0.0,6,50.0,8,22,9,3,35,13,11,17.14,1,4,7.28,1,0,0,Igor Matanović,SC Freiburg,1019321,2538,Germany Bundesliga
0,1,0,13,48.15,15,60.0,5,35.71,2,2,68.81,28,53.85,325,6,1,4,11,0,0,0,8,0,0,0,0,0,32,2,75,7,1,50.0,5,100.0,0,8,0,0,16,6,4,0.0,0,3,1.08,0,0,0,Victor Okoh Boniface,SV Werder Bremen,978521,2534,Germany Bundesliga
0,2,0,30,71.43,32,61.54,1,100.0,22,0,86.65,62,65.96,1484,9,9,0,18,0,0,0,26,3,0,0,0,0,84,0,792,2,2,40.0,43,39.81,17,88,4,0,3,0,1,0.0,0,1,0.11,0,0,0,Karol Mets,FC St. Pauli,57627,2526,Germany Bundesliga
1,2,0,54,48.21,23,51.11,5,33.33,32,0,73.04,77,49.04,988,17,28,9,20,0,0,0,13,2,0,0,0,0,72,0,233,4,3,23.08,1,7.69,16,14,14,1,20,7,5,5.0,1,0,1.39,0,0,1,András Schäfer,1. FC Union Berlin,877302,2547,Germany Bundesliga
0,2,0,22,39.29,7,63.64,4,44.44,12,3,93.23,29,43.28,920,6,10,7,20,0,0,0,11,0,0,0,0,0,264,3,771,17,6,27.27,23,65.71,8,10,13,0,21,3,9,0.0,1,1,1.13,0,0,0,Tom Bischof,FC Bayern München,1129935,2672,Germany Bundesliga
0,1,1,45,55.56,13,54.17,7,43.75,23,1,85.74,58,55.24,1035,15,9,14,22,0,0,0,13,1,0,0,0,0,145,1,511,4,0,0.0,25,65.79,29,16,5,0,11,3,6,0.0,0,0,0.69,1,0,0,Jobe Bellingham,Borussia Dortmund,1134083,2673,Germany Bundesliga
0,0,0,1,50.0,1,50.0,0,0.0,0,0,93.33,2,50.0,51,1,0,0,7,0,0,0,0,1,0,0,0,0,22,0,42,0,0,0.0,1,100.0,0,1,0,0,1,0,1,0.0,0,0,0.1,0,0,0,Salih Özcan,Borussia Dortmund,795005,2673,Germany Bundesliga
0,0,0,4,50.0,5,45.45,0,0.0,3,0,80.0,9,47.37,162,1,2,1,3,0,0,0,4,0,0,0,0,0,10,0,72,0,0,0.0,5,35.71,5,11,1,0,1,0,0,0.0,0,0,0.02,0,0,0,Maxim Leitsch,1. FSV Mainz 05,842869,2556,Germany Bundesliga
0,1,0,59,64.84,26,39.39,10,47.62,22,1,75.28,85,54.14,1533,27,9,8,23,0,0,0,26,2,0,0,0,0,94,3,402,14,20,31.75,23,34.33,21,76,6,0,16,2,4,0.0,0,2,0.63,0,1,0,Kristoffer Lund,1. FC Köln,963043,2671,Germany Bundesliga
1,1,0,21,42.86,2,22.22,8,47.06,11,1,69.9,23,39.66,706,2,5,7,14,0,0,0,17,1,0,0,0,0,39,0,144,5,2,10.53,10,37.04,7,4,7,2,14,3,1,7.14,0,0,1.25,1,1,0,Eren Dinkçi,1. FC Heidenheim,1067120,5885,Germany Bundesliga
0,1,0,7,58.33,2,28.57,1,50.0,5,1,72.34,9,47.37,200,1,2,1,7,0,0,0,5,1,0,0,0,0,12,1,34,3,3,50.0,3,60.0,2,6,1,0,1,0,0,0.0,0,0,0.02,0,0,0,William Bøving,1. FSV Mainz 05,1021075,2556,Germany Bundesliga
1,2,0,22,47.83,12,70.59,7,53.85,12,0,77.44,34,53.97,523,3,8,4,14,0,0,0,11,0,0,0,0,0,70,0,206,8,1,16.67,6,50.0,8,15,6,0,5,2,1,20.0,0,0,0.99,0,0,0,Isaac Schmidt,SV Werder Bremen,1015164,2534,Germany Bundesliga
0,0,0,4,44.44,7,58.33,0,0.0,4,0,92.35,11,52.38,357,0,3,0,7,0,0,0,7,0,0,0,0,0,15,0,314,1,0,0.0,6,33.33,4,26,1,0,1,0,0,0.0,0,0,0.14,0,1,0,El Chadaille Bitshiabu,RB Leipzig,1048009,36360,Germany Bundesliga
7,1,0,37,31.09,26,44.07,9,34.62,16,2,69.49,63,35.39,1320,12,41,12,20,0,0,0,15,1,0,0,0,0,114,2,246,19,3,20.0,4,36.36,5,18,14,7,37,16,8,18.92,3,15,6.12,0,0,0,Tim Lemperle,TSG Hoffenheim,1014290,2569,Germany Bundesliga
3,3,1,31,42.47,10,45.45,2,22.22,10,1,72.87,41,43.16,766,19,17,6,20,0,0,0,21,0,0,0,0,0,43,1,137,6,1,12.5,6,42.86,6,20,12,2,17,7,4,17.65,1,1,2.02,0,0,0,Mattias Svanberg,VfL Wolfsburg,796987,2524,Germany Bundesliga
0,1,0,22,53.66,2,13.33,7,58.33,8,0,82.16,24,42.86,410,7,5,8,13,0,0,0,9,0,0,0,0,0,53,0,175,6,2,25.0,10,76.92,4,6,1,0,5,1,4,0.0,0,0,0.27,0,0,0,Giovanni Reyna,Borussia M'gladbach,989056,2527,Germany Bundesliga
1,4,0,32,47.06,8,25.0,6,35.29,13,0,86.65,40,40.0,1187,13,13,6,19,0,0,0,14,3,0,0,0,0,86,0,396,6,4,44.44,12,57.14,17,15,6,1,7,2,2,14.29,0,2,0.95,0,0,0,Patrick Osterhage,SC Freiburg,914755,2538,Germany Bundesliga
1,1,0,27,54.0,1,100.0,9,45.0,6,2,85.31,28,54.9,307,12,2,5,8,0,0,0,5,0,0,0,0,0,58,0,122,7,0,0.0,0,0.0,1,1,5,0,13,4,6,7.69,0,0,1.68,0,0,0,Jamal Musiala,FC Bayern München,1010231,2672,Germany Bundesliga
0,0,0,0,0.0,1,50.0,0,0.0,0,0,87.5,1,25.0,26,0,2,0,2,0,0,0,0,0,0,0,0,0,3,0,14,0,0,0.0,1,50.0,0,1,0,0,0,0,0,0.0,0,0,,0,0,0,Elias Baum,Eintracht Frankfurt,1403018,2674,Germany Bundesliga
0,0,0,4,66.67,3,75.0,0,0.0,4,0,76.54,7,70.0,151,0,1,0,4,0,0,0,4,0,0,0,0,0,9,0,62,2,0,0.0,5,71.43,1,1,1,0,0,0,0,0.0,0,0,,0,0,0,Jonas Meffert,Hamburger SV,148256,2676,Germany Bundesliga
0,1,0,42,48.84,6,46.15,15,44.12,15,0,79.61,48,48.48,499,12,8,11,10,0,0,0,11,2,0,0,0,0,58,0,121,12,0,0.0,1,33.33,1,2,8,1,7,3,3,0.0,0,4,0.53,0,0,0,Elias Saad,FC Augsburg,1130946,2600,Germany Bundesliga
0,3,0,48,56.47,8,25.0,10,38.46,22,1,75.65,56,47.86,1682,16,12,7,21,0,0,0,26,4,0,0,0,0,149,5,463,18,5,18.52,22,33.33,17,54,3,0,12,3,6,0.0,0,0,0.5,0,2,0,Arkadiusz Pyrka,FC St. Pauli,971481,2526,Germany Bundesliga
0,3,0,14,42.42,52,67.53,0,0.0,8,1,81.28,66,60.0,850,6,13,1,13,0,0,0,12,1,0,0,0,0,36,1,356,3,0,0.0,22,37.93,15,83,3,0,6,3,1,0.0,0,2,0.35,0,2,0,Andreas Hanche-Olsen,1. FSV Mainz 05,794294,2556,Germany Bundesliga
2,1,0,46,39.66,13,23.64,17,48.57,13,3,79.85,59,34.5,1305,17,24,20,22,0,0,0,23,2,0,0,0,0,133,4,321,22,12,22.22,6,60.0,6,21,10,4,38,12,12,5.26,1,2,3.03,0,0,0,Mert Kömür,FC Augsburg,1390682,2600,Germany Bundesliga
0,3,0,20,51.28,22,55.0,2,66.67,13,1,84.02,42,53.16,475,5,11,5,21,0,0,0,8,0,0,0,0,0,69,0,205,7,0,0.0,11,73.33,5,28,2,2,12,3,5,0.0,0,0,1.27,0,1,0,Ezechiel Banzuzi,RB Leipzig,1155383,36360,Germany Bundesliga
2,2,0,15,42.86,7,38.89,0,0.0,10,0,71.26,22,41.51,511,5,9,3,12,0,0,0,12,2,0,0,0,0,15,0,62,2,1,25.0,6,60.0,2,10,6,1,6,3,0,33.33,0,1,1.42,0,1,0,Luca Kerber,1. FC Heidenheim,1097453,5885,Germany Bundesliga
4,2,0,29,37.18,10,25.64,9,50.0,10,1,71.08,39,33.33,1014,10,20,14,20,0,0,0,16,4,0,0,0,0,79,4,177,16,7,24.14,1,20.0,7,7,6,3,26,13,8,15.38,1,5,3.35,0,0,0,Ansgar Knauff,Eintracht Frankfurt,997012,2674,Germany Bundesliga
1,3,0,10,38.46,28,57.14,0,0.0,9,0,79.79,38,50.67,758,1,11,2,10,0,0,0,13,1,0,0,0,0,16,1,233,2,0,0.0,11,34.38,16,58,3,2,9,2,4,11.11,1,0,1.15,0,0,0,Kacper Potulski,1. FSV Mainz 05,1548910,2556,Germany Bundesliga
2,1,0,14,50.0,9,29.03,4,66.67,3,0,50.94,23,38.98,336,7,8,4,8,0,0,0,4,1,0,0,0,0,11,1,27,6,1,12.5,1,50.0,1,2,2,4,11,6,3,18.18,0,5,1.62,0,0,0,Ricky-Jade Jones,FC St. Pauli,994529,2526,Germany Bundesliga
1,2,0,40,39.6,14,66.67,13,32.5,18,3,83.7,54,44.26,1048,9,17,13,16,0,0,0,14,2,0,0,0,0,99,2,344,11,7,24.14,11,33.33,17,26,4,1,10,2,5,10.0,0,3,0.92,0,0,0,Arthur,Bayer 04 Leverkusen,1174761,2681,Germany Bundesliga
0,1,1,51,50.0,10,43.48,15,44.12,20,1,76.61,61,48.8,879,17,12,14,20,0,0,0,11,0,0,0,0,0,36,1,167,10,6,30.0,19,45.24,6,23,7,1,13,2,7,0.0,1,3,0.73,1,1,0,Giorgi Gocholeishvili,Hamburger SV,1035752,2676,Germany Bundesliga
5,2,0,34,37.36,4,12.5,11,31.43,17,0,71.11,38,30.89,1097,6,20,11,22,0,0,0,11,2,0,0,0,0,54,2,128,14,6,23.08,6,42.86,3,9,6,3,32,14,8,15.63,1,2,4.53,0,0,0,Rayan Philippe,Hamburger SV,991824,2676,Germany Bundesliga
4,1,0,40,48.19,11,47.83,13,37.14,15,0,74.76,51,48.11,1312,12,8,8,23,0,0,0,30,4,0,0,0,0,94,1,231,10,5,27.78,3,17.65,6,9,7,4,41,17,9,9.76,1,11,4.7,0,0,0,Justin Njinmah,SV Werder Bremen,1005343,2534,Germany Bundesliga
2,4,0,33,43.42,12,48.0,4,57.14,15,0,77.69,45,44.55,1004,14,13,17,22,0,0,0,17,2,0,0,0,0,86,1,289,10,2,12.5,11,27.5,4,15,11,0,10,4,3,20.0,1,1,0.5,0,0,0,Elvis Rexhbeçaj,FC Augsburg,842188,2600,Germany Bundesliga
2,0,0,16,34.78,5,38.46,5,62.5,10,2,80.13,21,35.59,639,1,15,6,13,0,0,0,10,3,0,0,0,0,51,0,254,6,1,14.29,9,30.0,9,10,7,0,15,2,5,13.33,1,0,0.81,0,0,0,Mahmoud Dahoud,Eintracht Frankfurt,341589,2674,Germany Bundesliga
0,0,0,4,80.0,3,50.0,1,100.0,2,0,85.71,7,63.64,101,1,2,0,7,0,0,0,2,0,0,0,0,0,13,0,42,0,0,0.0,1,100.0,1,7,0,0,2,1,0,0.0,0,0,0.06,0,0,0,Nicolas Höfler,SC Freiburg,49639,2538,Germany Bundesliga
2,4,0,51,42.5,11,35.48,11,45.83,22,3,82.33,62,41.06,1269,18,28,17,23,0,0,0,26,4,0,0,0,0,139,3,396,20,6,31.58,14,51.85,9,17,12,4,22,5,7,9.09,2,3,2.56,0,0,0,Lovro Majer,VfL Wolfsburg,841947,2524,Germany Bundesliga
5,1,0,11,34.38,23,42.59,1,50.0,5,1,66.17,34,39.53,672,5,12,6,20,0,0,0,16,0,0,0,0,0,36,2,88,12,3,33.33,5,83.33,3,13,3,8,27,10,8,18.52,2,4,4.56,0,0,0,Stefan Schimmer,1. FC Heidenheim,842922,5885,Germany Bundesliga
1,3,0,21,36.84,10,32.26,9,47.37,5,5,73.89,31,35.23,551,7,13,12,18,0,0,0,5,0,0,0,0,0,69,6,133,15,3,37.5,2,40.0,2,1,1,1,14,4,6,7.14,0,1,1.42,0,0,0,Fábio Silva,Borussia Dortmund,954076,2673,Germany Bundesliga
1,1,0,41,45.56,56,48.28,6,37.5,15,1,69.03,97,47.09,1466,21,19,16,24,0,0,0,30,3,0,0,0,0,104,1,292,17,1,12.5,3,50.0,8,25,6,4,21,10,4,4.76,0,10,2.78,0,0,0,Lucas Höler,SC Freiburg,280009,2538,Germany Bundesliga
0,0,0,0,0.0,0,0.0,0,0.0,0,0,95.12,0,0.0,46,0,0,0,4,0,0,0,0,1,0,0,0,0,9,0,39,1,0,0.0,2,100.0,0,0,3,0,2,0,2,0.0,0,0,0.08,0,0,0,Felipe Chávez,1. FC Köln,1482457,2671,Germany Bundesliga
0,0,0,1,100.0,0,0.0,0,0.0,1,0,70.0,1,50.0,45,0,0,0,4,0,0,0,0,0,0,0,0,0,4,1,7,2,2,100.0,0,0.0,0,0,0,0,1,0,1,0.0,0,0,0.02,0,0,0,Yannik Wagner,1. FC Heidenheim,2189165,5885,Germany Bundesliga
4,1,0,35,39.33,34,42.5,11,40.74,3,0,72.67,69,40.83,1712,21,17,19,25,0,0,0,27,2,0,0,0,0,96,0,226,16,2,11.76,6,66.67,3,21,3,9,51,17,11,7.84,0,23,6.28,0,1,1,Ransford Yeboah Königsdörffer,Hamburger SV,1012235,2676,Germany Bundesliga
2,3,0,27,34.62,20,43.48,4,18.18,7,3,68.94,47,37.9,743,16,15,18,22,0,0,0,15,0,0,0,0,0,39,3,111,12,1,8.33,4,80.0,5,7,2,6,36,11,10,5.56,1,4,3.59,0,0,0,Conrad Harder,RB Leipzig,1494826,36360,Germany Bundesliga
0,0,1,10,55.56,19,51.35,0,0.0,9,0,92.47,29,52.73,778,1,7,0,10,0,0,0,12,1,0,0,0,0,18,0,491,0,0,0.0,7,36.84,9,51,2,0,0,0,0,0.0,0,0,,0,1,0,Rav van den Berg,1. FC Köln,1014493,2671,Germany Bundesliga
1,4,0,8,32.0,32,58.18,3,75.0,3,0,58.06,40,50.0,298,3,12,4,12,0,0,0,4,0,0,0,0,0,27,1,54,2,0,0.0,1,50.0,1,10,1,0,7,3,2,14.29,0,2,0.76,0,0,0,Yussuf Poulsen,Hamburger SV,135264,2676,Germany Bundesliga
0,0,0,5,100.0,9,90.0,1,100.0,1,0,63.0,14,93.33,1085,3,0,0,13,37,26,11,26,6,10,6,6,6,9,0,269,0,0,0.0,64,29.09,0,20,0,0,0,0,0,0.0,0,0,,3,1,0,Kauã Santos,Eintracht Frankfurt,1134203,2674,Germany Bundesliga
2,1,0,18,51.43,8,33.33,3,33.33,7,1,64.66,26,44.07,566,8,6,2,13,0,0,0,14,1,0,0,0,0,24,0,75,7,6,37.5,4,36.36,3,4,3,2,10,3,1,20.0,0,6,2.8,0,1,0,Sirlord Conteh,1. FC Heidenheim,800400,5885,Germany Bundesliga
0,2,0,41,50.0,1,14.29,3,30.0,23,1,81.94,42,47.19,783,15,15,9,20,0,0,0,19,1,0,0,0,0,110,5,354,18,11,31.43,12,48.0,9,10,10,2,11,3,2,0.0,1,0,1.91,0,0,0,Kevin Stöger,Borussia M'gladbach,95381,2527,Germany Bundesliga
0,2,0,21,46.67,1,11.11,10,45.45,5,0,75.0,22,40.74,304,7,4,7,10,0,0,0,5,1,0,0,0,0,31,0,63,6,4,36.36,4,57.14,1,4,1,2,10,1,4,0.0,0,1,1.02,0,0,0,Livan Burcu,1. FC Union Berlin,1513469,2547,Germany Bundesliga
0,0,0,8,32.0,1,16.67,2,28.57,4,0,83.62,9,29.03,286,2,3,6,12,0,0,0,3,1,0,0,0,0,44,1,97,11,9,28.13,4,44.44,1,1,3,2,11,7,4,0.0,0,1,1.0,0,0,0,Muhammed Damar,TSG Hoffenheim,1128638,2569,Germany Bundesliga
0,2,0,19,44.19,6,42.86,5,50.0,7,1,67.81,25,43.86,428,7,10,6,15,0,0,0,8,1,0,0,0,0,37,1,99,3,3,20.0,5,27.78,7,11,3,0,3,1,1,0.0,0,0,0.06,0,0,0,Nikolas Veratschnig,1. FSV Mainz 05,1138150,2556,Germany Bundesliga
1,6,0,35,52.24,54,71.05,0,0.0,28,0,89.5,89,62.24,1517,7,26,1,17,0,0,0,37,3,0,0,0,0,50,0,810,2,1,100.0,22,35.48,12,117,6,0,5,1,3,20.0,0,0,0.54,0,2,0,Moritz Jenz,VfL Wolfsburg,920525,2524,Germany Bundesliga
1,1,0,25,54.35,23,45.1,5,41.67,11,1,58.54,48,49.48,456,9,10,3,9,0,0,0,3,1,0,0,0,0,16,2,48,4,1,50.0,1,50.0,6,6,1,3,7,3,0,14.29,0,6,1.67,0,0,0,Junior Adamu,SC Freiburg,902381,2538,Germany Bundesliga
0,0,0,0,0.0,0,0.0,0,0.0,0,0,0.0,0,0.0,10,0,1,0,1,0,0,0,0,0,0,0,0,0,0,0,0,0,0,0.0,0,0.0,0,0,0,0,0,0,0,0.0,0,0,,0,0,0,Jonah Kusi-Asare,FC Bayern München,1503757,2672,Germany Bundesliga
0,0,0,1,50.0,2,50.0,0,0.0,1,0,60.0,3,50.0,9,0,0,1,2,0,0,0,0,0,0,0,0,0,1,0,3,0,0,0.0,0,0.0,1,0,0,0,0,0,0,0.0,0,1,,0,0,0,Tim Kleindienst,Borussia M'gladbach,228981,2527,Germany Bundesliga
0,0,0,6,35.29,1,20.0,2,40.0,1,0,80.81,7,31.82,248,3,3,4,4,0,0,0,3,0,0,0,0,0,38,1,80,10,3,30.0,3,60.0,1,4,1,0,8,2,2,0.0,0,1,0.46,0,0,0,Robin Hack,Borussia M'gladbach,876858,2527,Germany Bundesliga
0,0,1,23,47.92,13,46.43,3,42.86,11,0,87.31,36,47.37,1024,9,8,5,16,0,0,0,20,4,0,0,0,0,79,0,530,5,1,50.0,23,44.23,18,20,8,2,5,0,1,0.0,1,0,0.35,0,1,0,Ellyes Skhiri,Eintracht Frankfurt,591706,2674,Germany Bundesliga
0,0,0,7,36.84,0,0.0,3,33.33,2,0,78.0,7,33.33,263,2,4,1,4,0,0,0,6,0,0,0,0,0,26,1,39,2,1,16.67,2,66.67,2,5,1,0,3,0,1,0.0,0,1,0.22,0,0,0,Christian Joe Conteh,1. FC Heidenheim,933833,5885,Germany Bundesliga
0,0,0,7,43.75,1,33.33,1,33.33,6,0,80.34,8,42.11,185,0,1,5,8,0,0,0,3,0,0,0,0,0,22,0,94,2,0,0.0,5,45.45,5,7,1,0,3,1,0,0.0,0,0,0.14,0,0,0,Benjamin Henrichs,RB Leipzig,319857,36360,Germany Bundesliga
0,0,0,4,30.77,0,0.0,1,20.0,1,0,93.15,4,30.77,136,2,0,4,6,0,0,0,5,1,0,0,0,0,23,0,68,1,2,33.33,2,100.0,1,0,1,0,1,0,1,0.0,0,0,0.1,0,0,0,Claudio Echeverri,Bayer 04 Leverkusen,1482424,2681,Germany Bundesliga
0,0,0,2,40.0,1,25.0,0,0.0,0,0,94.12,3,33.33,88,2,1,1,8,0,0,0,2,0,0,0,0,0,13,1,48,3,1,50.0,4,80.0,0,1,0,0,2,0,2,0.0,0,0,0.08,0,0,0,Andrija Maksimović,RB Leipzig,1406171,36360,Germany Bundesliga
0,1,0,10,55.56,9,56.25,2,66.67,8,0,88.58,19,55.88,390,1,1,4,8,0,0,0,7,1,0,0,0,0,26,0,225,2,0,0.0,5,31.25,4,25,2,0,1,0,0,0.0,0,0,0.06,0,1,0,Ameen Al-Dakhil,VfB Stuttgart,1979970,2677,Germany Bundesliga
0,0,0,2,50.0,0,0.0,2,100.0,0,0,96.0,2,50.0,27,0,2,0,2,0,0,0,1,0,0,0,0,0,9,0,24,0,0,0.0,3,100.0,0,1,0,0,1,0,1,0.0,0,0,0.06,0,0,0,David Daiber,FC Bayern München,1489220,2672,Germany Bundesliga
0,1,0,5,62.5,2,50.0,0,0.0,5,0,89.23,7,58.33,110,0,2,0,3,0,0,0,2,0,0,0,0,0,6,0,58,0,0,0.0,0,0.0,0,4,1,0,1,0,0,0.0,0,0,0.01,0,0,0,Luca Reggiani,Borussia Dortmund,1937833,2673,Germany Bundesliga
1,1,0,27,42.86,18,37.5,0,0.0,14,0,82.61,45,40.54,1009,13,19,7,14,0,0,0,26,2,0,0,0,0,58,0,361,6,1,14.29,8,42.11,8,32,5,0,10,1,3,10.0,0,0,0.78,0,0,0,Yannick Gerhardt,VfL Wolfsburg,169255,2524,Germany Bundesliga
0,0,0,17,43.59,2,33.33,5,55.56,10,1,77.87,19,42.22,289,2,6,7,15,0,0,0,6,0,0,0,0,0,50,2,95,3,0,0.0,2,33.33,4,2,5,1,11,2,3,0.0,0,0,0.44,0,0,0,Connor Metcalfe,FC St. Pauli,888854,2526,Germany Bundesliga
0,3,0,13,52.0,31,70.45,2,66.67,6,0,87.6,44,63.77,793,5,9,1,14,0,0,0,16,3,0,0,0,0,55,1,523,3,1,100.0,26,38.24,12,70,2,2,4,1,0,0.0,0,0,0.53,1,1,0,Aurèle Amenda,Eintracht Frankfurt,999276,2674,Germany Bundesliga
1,6,0,88,54.66,23,46.0,14,41.18,32,2,82.17,111,52.61,1823,42,25,16,23,0,0,0,29,1,0,0,0,0,123,2,516,11,4,10.81,21,36.84,14,56,12,2,12,7,2,8.33,1,0,1.07,1,1,0,Joseph Scally,Borussia M'gladbach,1002920,2527,Germany Bundesliga
1,3,0,32,54.24,45,56.25,2,50.0,22,0,85.32,77,55.4,1769,8,19,4,21,0,0,0,40,2,0,0,0,0,98,0,947,7,5,45.45,59,37.82,29,129,6,3,20,8,5,5.0,1,0,2.29,1,1,0,Konstantinos Koulierakis,VfL Wolfsburg,1184855,2524,Germany Bundesliga
2,2,0,41,45.05,36,44.44,9,50.0,15,0,65.74,77,44.77,1070,19,26,12,19,0,0,0,24,3,0,0,0,0,56,2,165,11,2,16.67,2,13.33,8,23,5,3,19,4,1,10.53,0,8,2.87,0,0,0,Marvin Pieringer,1. FC Heidenheim,909485,5885,Germany Bundesliga
0,4,0,66,48.89,8,38.1,7,28.0,42,0,83.65,74,47.44,1133,17,22,18,19,0,0,0,16,3,0,0,0,0,103,3,399,12,5,14.29,13,54.17,10,16,13,0,22,4,7,0.0,0,1,1.05,0,0,0,Cameron Puertas,SV Werder Bremen,916176,2534,Germany Bundesliga
0,2,0,18,48.65,8,53.33,1,25.0,11,3,81.75,26,50.0,1158,6,7,3,18,0,0,0,21,3,0,0,0,0,91,3,318,18,19,31.67,19,40.43,7,23,6,0,8,0,2,0.0,0,4,0.36,0,1,1,Christian Günter,SC Freiburg,142231,2538,Germany Bundesliga
2,0,0,17,65.38,8,30.77,4,66.67,13,0,78.9,25,48.08,1220,0,1,0,17,0,0,0,24,2,0,0,0,0,64,1,400,16,12,52.17,34,44.16,16,40,7,1,8,3,1,25.0,0,0,0.52,0,1,0,Aaron Zehnter,VfL Wolfsburg,1127788,2524,Germany Bundesliga
1,0,0,34,50.75,7,35.0,3,37.5,19,0,80.25,41,47.13,1404,13,13,7,18,0,0,0,25,2,0,0,0,0,135,2,443,6,4,8.7,18,34.62,8,37,8,1,14,3,3,7.14,1,3,0.86,1,0,0,Louis Oppie,FC St. Pauli,1137900,2526,Germany Bundesliga
1,4,0,63,58.88,16,55.17,7,36.84,44,2,87.23,79,58.09,1264,13,19,5,20,0,0,0,24,7,0,0,0,0,127,1,717,3,1,25.0,32,48.48,23,52,8,0,2,1,0,50.0,1,0,0.21,1,1,0,Nnamdi Collins,Eintracht Frankfurt,1048569,2674,Germany Bundesliga
1,1,1,90,52.94,8,47.06,21,42.86,48,0,75.0,98,52.41,1120,21,26,16,20,0,0,0,25,0,0,0,0,0,89,0,255,12,2,11.11,16,47.06,12,18,11,4,18,8,6,5.56,0,3,2.23,0,0,1,Jens Castrop,Borussia M'gladbach,1019312,2527,Germany Bundesliga
0,1,0,18,41.86,3,33.33,9,52.94,7,1,71.83,21,40.38,312,2,3,8,11,0,0,0,6,0,0,0,0,0,13,2,51,4,2,16.67,1,25.0,0,2,6,0,5,3,0,0.0,0,0,0.35,0,0,0,Fabio Baldé,Hamburger SV,1546267,2676,Germany Bundesliga
0,3,0,13,44.83,2,28.57,4,40.0,4,0,80.0,15,41.67,130,5,5,5,5,0,0,0,1,1,0,0,0,0,13,0,32,1,0,0.0,1,100.0,2,3,0,0,2,0,0,0.0,0,1,0.12,0,1,0,Cyriaque Irié,SC Freiburg,1508537,2538,Germany Bundesliga
0,0,0,0,0.0,3,75.0,0,0.0,0,0,68.75,3,42.86,118,0,2,1,7,0,0,0,5,1,0,0,0,0,5,0,11,1,1,33.33,0,0.0,0,1,0,0,1,0,0,0.0,0,0,0.03,0,0,0,Fynn Schenten,1. FC Köln,2245371,2671,Germany Bundesliga
0,2,0,5,38.46,13,76.47,1,100.0,2,0,81.91,18,60.0,494,3,4,2,10,0,0,0,10,1,0,0,0,0,34,1,240,3,0,0.0,11,29.73,7,35,2,0,1,0,0,0.0,0,0,0.03,1,0,0,Anthony Jung,SC Freiburg,103442,2538,Germany Bundesliga
0,2,0,34,55.74,15,53.57,0,0.0,23,0,81.47,49,55.06,1081,13,13,3,14,0,0,0,24,4,0,0,0,0,62,0,444,2,3,23.08,37,37.0,20,72,11,1,5,3,0,0.0,0,1,0.47,0,0,0,Tim Siersleben,1. FC Heidenheim,988252,5885,Germany Bundesliga
1,2,0,15,65.22,15,71.43,3,60.0,9,1,66.36,30,68.18,539,3,5,2,9,0,0,0,12,0,0,0,0,0,33,0,142,2,3,27.27,22,36.07,12,39,0,0,3,1,1,33.33,0,0,0.16,1,0,0,Stanley N'Soki,1. FC Union Berlin,904991,2547,Germany Bundesliga
0,0,0,3,100.0,1,100.0,1,100.0,0,0,61.62,4,100.0,291,1,0,0,4,15,10,4,12,0,1,1,0,1,5,0,61,0,0,0.0,16,29.63,0,1,0,0,0,0,0,0.0,0,0,,0,0,0,Lasse Riess,1. FSV Mainz 05,1069252,2556,Germany Bundesliga
0,0,0,10,62.5,4,57.14,1,100.0,9,0,86.61,14,60.87,417,0,5,0,9,0,0,0,9,0,0,0,0,0,20,0,220,0,0,0.0,6,26.09,9,20,1,1,3,1,0,0.0,2,0,0.13,0,0,0,Fabio Chiarodia,Borussia M'gladbach,1130067,2527,Germany Bundesliga
0,1,0,4,66.67,4,50.0,1,100.0,1,0,83.19,8,57.14,191,2,3,0,4,0,0,0,2,1,0,0,0,0,3,0,99,0,0,0.0,5,41.67,0,10,0,0,2,0,1,0.0,0,0,0.05,0,0,0,Thomas Keller,1. FC Heidenheim,940236,5885,Germany Bundesliga
0,1,0,22,50.0,29,51.79,1,50.0,17,0,85.44,51,51.0,947,4,7,4,15,0,0,0,17,2,0,0,0,0,48,0,440,3,0,0.0,16,35.56,13,51,10,1,7,4,0,0.0,0,0,0.56,1,0,0,Cenk Özkaçar,1. FC Köln,953097,2671,Germany Bundesliga
1,0,0,12,42.86,1,7.69,3,37.5,3,0,67.65,13,31.71,396,6,5,4,14,0,0,0,8,0,0,0,0,0,26,0,69,6,2,33.33,3,30.0,0,8,2,0,11,5,0,9.09,0,3,0.77,0,0,0,Tim Skarke,1. FC Union Berlin,800252,2547,Germany Bundesliga
0,1,0,17,54.84,6,54.55,5,71.43,5,0,81.11,23,54.76,298,8,4,7,15,0,0,0,9,0,0,0,0,0,32,0,73,4,1,12.5,4,66.67,3,7,1,0,4,2,1,0.0,0,0,0.14,0,0,0,Alex Král,1. FC Union Berlin,825740,2547,Germany Bundesliga
0,0,0,12,54.55,1,50.0,3,100.0,6,0,67.74,13,54.17,223,3,5,2,3,0,0,0,6,0,0,0,0,0,12,0,42,1,3,23.08,1,11.11,2,7,3,0,1,0,0,0.0,0,0,0.02,0,0,0,Robert Skov,1. FC Union Berlin,327863,2547,Germany Bundesliga
0,1,0,40,45.45,10,50.0,10,40.0,22,4,79.46,50,46.3,1846,8,15,9,22,0,0,0,31,3,0,0,0,0,198,2,677,12,16,25.81,48,38.71,10,58,9,2,26,9,8,0.0,0,1,1.65,0,1,0,Yukinari Sugawara,SV Werder Bremen,905347,2534,Germany Bundesliga
1,2,0,14,35.0,22,43.14,0,0.0,3,1,65.56,36,39.56,505,12,13,9,13,0,0,0,8,1,0,0,0,0,23,3,59,4,1,100.0,2,40.0,1,10,5,4,11,3,3,9.09,0,1,1.42,0,0,0,Mikkel Kaufmann,1. FC Heidenheim,918437,5885,Germany Bundesliga
1,0,0,14,41.18,4,33.33,8,36.36,4,0,84.85,18,39.13,326,2,3,3,15,0,0,0,7,0,0,0,0,0,34,0,84,1,0,0.0,2,66.67,0,0,0,0,9,3,4,11.11,0,3,0.49,0,0,0,Tidiam Gomis,RB Leipzig,1426577,36360,Germany Bundesliga
1,2,0,14,40.0,3,37.5,3,33.33,9,0,65.58,17,39.53,688,2,6,3,21,0,0,0,12,1,0,0,0,0,51,2,141,8,6,22.22,10,41.67,9,14,6,2,11,4,2,9.09,0,7,0.98,1,1,0,Marius Wolf,FC Augsburg,254119,2600,Germany Bundesliga
0,1,0,14,40.0,2,28.57,4,28.57,4,0,76.47,16,38.1,461,6,1,7,12,0,0,0,5,0,0,0,0,0,70,0,143,5,4,20.0,5,71.43,4,4,3,2,13,2,4,0.0,0,1,0.68,0,0,0,Badredine Bouanani,VfB Stuttgart,1153265,2677,Germany Bundesliga
0,1,0,23,57.5,9,42.86,0,0.0,22,0,73.57,32,52.46,515,1,6,0,13,0,0,0,8,1,0,0,0,0,19,0,167,1,0,0.0,13,34.21,10,24,10,0,1,0,0,0.0,0,0,0.1,0,0,0,Lars Ritzka,FC St. Pauli,873347,2526,Germany Bundesliga
0,4,1,36,53.73,16,45.71,3,75.0,20,0,93.66,52,50.98,1172,14,19,6,18,0,0,0,17,1,0,0,0,0,33,0,591,2,0,0.0,14,51.85,20,50,6,0,3,1,1,0.0,0,0,0.22,0,0,0,Daniel Elfadli,Hamburger SV,945532,2676,Germany Bundesliga
1,1,0,3,25.0,2,33.33,1,25.0,1,0,83.72,5,27.78,122,1,1,2,8,0,0,0,2,0,0,0,0,0,13,0,36,1,0,0.0,0,0.0,1,1,3,0,4,2,0,25.0,0,0,0.53,0,0,0,Grant-Leon Ranos,Borussia M'gladbach,1130950,2527,Germany Bundesliga
0,1,0,13,61.9,12,52.17,0,0.0,10,0,88.03,25,56.82,345,3,3,2,6,0,0,0,9,0,0,0,0,0,34,0,228,2,0,0.0,11,57.89,5,18,2,1,3,2,0,0.0,0,0,0.16,1,0,0,Kota Takai,Borussia M'gladbach,1144143,2527,Germany Bundesliga
0,1,0,26,40.0,0,0.0,3,27.27,11,0,84.06,26,33.33,763,12,6,13,18,0,0,0,13,2,0,0,0,0,103,5,364,13,6,27.27,12,60.0,5,2,12,0,5,0,3,0.0,0,1,0.57,0,0,0,Mario Götze,Eintracht Frankfurt,66518,2674,Germany Bundesliga
0,1,0,11,61.11,9,34.62,1,50.0,0,0,64.65,20,45.45,299,10,1,3,8,0,0,0,6,0,0,0,0,0,25,0,64,4,0,0.0,3,75.0,0,1,2,2,6,3,1,0.0,2,2,0.82,0,0,0,Jonas Wind,VfL Wolfsburg,826069,2524,Germany Bundesliga
0,0,0,10,47.62,3,42.86,1,100.0,5,0,76.72,13,46.43,293,5,5,5,5,0,0,0,6,1,0,0,0,0,18,0,89,2,2,50.0,1,20.0,2,3,2,1,3,0,1,0.0,0,0,0.25,0,0,0,Mathias Rasmussen,FC St. Pauli,834244,2526,Germany Bundesliga
0,2,0,6,54.55,0,0.0,1,50.0,3,0,84.78,6,50.0,138,2,2,2,5,0,0,0,3,1,0,0,0,0,6,0,39,0,0,0.0,4,100.0,0,2,0,0,2,0,0,0.0,0,0,0.09,0,0,0,Umut Tohumcu,TSG Hoffenheim,1083410,2569,Germany Bundesliga
0,2,0,8,50.0,0,0.0,2,50.0,6,0,84.76,8,44.44,239,0,4,0,10,0,0,0,8,1,0,0,0,0,34,1,139,3,0,0.0,5,38.46,3,3,2,0,2,0,0,0.0,0,0,0.03,0,0,0,Leonardo Bittencourt,SV Werder Bremen,111969,2534,Germany Bundesliga
0,1,1,22,37.93,1,20.0,6,37.5,9,1,80.88,23,36.51,332,7,13,10,11,0,0,0,9,1,0,0,0,0,25,2,55,5,2,50.0,2,66.67,0,3,3,0,2,2,0,0.0,0,1,0.08,0,0,0,Alexander Røssing-Lelesiit,Hamburger SV,1862226,2676,Germany Bundesliga
0,2,0,29,43.94,7,46.67,7,50.0,20,2,71.49,36,44.44,881,2,13,11,19,0,0,0,18,2,0,0,0,0,58,3,173,10,4,11.43,7,23.33,3,27,7,1,9,5,2,0.0,0,5,0.86,0,0,0,William Mikelbrencis,Hamburger SV,1102528,2676,Germany Bundesliga
0,0,0,1,25.0,3,50.0,0,0.0,0,0,45.45,4,40.0,46,1,1,1,4,0,0,0,0,1,0,0,0,0,0,0,5,1,1,100.0,0,0.0,0,2,0,0,0,0,0,0.0,0,0,,0,0,0,Youssoupha Niang,1. FC Köln,2197599,2671,Germany Bundesliga
0,0,0,2,40.0,2,66.67,1,100.0,0,0,61.54,4,50.0,43,1,1,2,3,0,0,0,1,0,0,0,0,0,5,0,8,2,0,0.0,0,0.0,0,0,0,0,1,0,0,0.0,0,0,0.07,0,0,0,Lazar Jovanović,VfB Stuttgart,1427148,2677,Germany Bundesliga
0,0,0,3,75.0,0,0.0,1,100.0,1,0,80.77,3,50.0,88,1,0,1,5,0,0,0,4,0,0,0,0,0,5,0,21,0,0,0.0,2,100.0,0,3,0,0,1,0,0,0.0,0,0,0.02,0,0,0,Pharell Hensel,VfL Wolfsburg,2114948,2524,Germany Bundesliga
0,0,0,14,73.68,6,30.0,2,66.67,8,0,89.12,20,51.28,507,5,2,2,12,0,0,0,8,1,0,0,0,0,14,0,213,0,0,0.0,10,47.62,5,29,0,0,1,0,1,0.0,0,1,0.02,0,1,0,Max Rosenfelder,SC Freiburg,1131337,2538,Germany Bundesliga
2,2,0,16,39.02,10,38.46,3,50.0,6,0,72.83,26,38.81,355,7,12,9,17,0,0,0,3,1,0,0,0,0,19,1,67,2,0,0.0,1,25.0,0,5,1,0,6,3,1,33.33,0,2,0.75,0,0,0,Max Moerstedt,TSG Hoffenheim,1418703,2569,Germany Bundesliga
1,0,0,38,33.93,17,27.42,12,38.71,13,2,72.28,55,31.61,882,13,18,35,14,0,0,0,14,1,0,0,0,0,53,3,133,4,3,15.0,3,75.0,1,3,4,5,22,6,7,4.55,2,5,2.02,0,1,0,Benedict Hollerbach,1. FSV Mainz 05,975800,2556,Germany Bundesliga
0,1,0,44,43.56,10,40.0,14,38.89,18,0,73.68,54,42.86,1003,13,10,17,21,0,0,0,25,2,0,0,0,0,56,2,168,9,3,14.29,10,66.67,17,25,8,4,25,4,6,0.0,1,8,1.51,0,0,1,Mathias Honsak,1. FC Heidenheim,575952,5885,Germany Bundesliga
0,1,0,13,44.83,16,44.44,0,0.0,10,0,74.84,29,44.62,461,3,13,1,15,0,0,0,9,0,0,0,0,0,11,0,116,1,1,50.0,4,25.0,7,23,2,1,3,1,0,0.0,0,1,0.26,0,0,0,Lennard Maloney,1. FSV Mainz 05,893962,2556,Germany Bundesliga
0,0,0,2,66.67,4,40.0,1,100.0,0,0,68.89,6,46.15,78,1,1,0,8,0,0,0,1,0,0,0,0,0,6,0,31,1,0,0.0,0,0.0,0,7,0,0,1,1,0,0.0,0,0,0.23,0,0,0,Guilherme Ramos,Hamburger SV,827192,2676,Germany Bundesliga
4,1,0,18,40.0,5,12.5,7,36.84,6,0,62.64,23,27.06,616,5,6,7,12,0,0,0,13,0,0,0,0,0,30,0,57,4,1,5.26,1,50.0,1,3,4,3,13,7,3,30.77,0,3,2.02,0,0,0,Andreas Hountondji,FC St. Pauli,1112796,2526,Germany Bundesliga
0,0,0,3,60.0,2,50.0,1,50.0,0,1,80.0,5,55.56,45,2,0,1,5,0,0,0,1,0,0,0,0,0,4,0,12,1,0,0.0,0,0.0,0,2,0,0,3,1,1,0.0,0,0,0.13,0,0,0,Jeremy Arevalo,VfB Stuttgart,1464642,2677,Germany Bundesliga
0,0,0,8,80.0,4,40.0,0,0.0,6,0,82.11,12,60.0,154,2,2,0,5,0,0,0,5,0,0,0,0,0,2,0,78,0,0,0.0,1,8.33,1,21,1,0,0,0,0,0.0,0,0,,0,0,0,Marvin Friedrich,Borussia M'gladbach,254449,2527,Germany Bundesliga
0,1,0,6,37.5,0,0.0,3,100.0,1,0,83.33,6,25.0,193,2,5,4,14,0,0,0,2,1,0,0,0,0,16,2,35,2,0,0.0,0,0.0,3,3,2,1,5,2,1,0.0,0,2,0.54,0,0,0,Ihlas Bebou,TSG Hoffenheim,254297,2569,Germany Bundesliga
1,3,0,49,51.58,14,42.42,6,60.0,29,3,83.15,63,49.22,1410,14,17,13,21,0,0,0,19,2,0,0,0,0,130,3,459,16,6,20.69,12,32.43,3,38,12,5,19,11,1,5.26,0,0,2.89,0,1,0,Josha Vagnoman,VfB Stuttgart,906278,2677,Germany Bundesliga
1,2,0,66,50.0,34,36.17,10,43.48,30,2,65.9,100,44.25,1524,28,25,17,22,0,0,0,24,2,0,0,0,0,99,3,257,22,11,20.75,11,45.83,11,18,12,6,33,14,8,3.03,1,15,3.44,0,0,0,Mathias Pereira Lage,FC St. Pauli,831400,2526,Germany Bundesliga
1,0,0,6,33.33,8,34.78,2,40.0,0,1,69.35,14,34.15,321,4,5,5,14,0,0,0,5,0,0,0,0,0,18,1,43,3,0,0.0,1,100.0,0,6,0,2,9,4,1,11.11,2,0,1.09,0,0,0,Robert Glatzel,Hamburger SV,168987,2676,Germany Bundesliga
1,5,0,27,29.35,101,40.89,6,40.0,2,7,58.61,128,37.76,1494,19,24,27,22,0,0,0,28,2,0,0,0,0,77,5,160,22,2,16.67,2,40.0,0,19,8,12,46,13,8,2.17,1,9,7.73,0,0,0,Andrej Ilić,1. FC Union Berlin,953767,2547,Germany Bundesliga
0,1,0,29,61.7,12,60.0,6,60.0,16,0,82.28,41,61.19,864,7,9,4,14,0,0,0,13,3,0,0,0,0,60,0,274,3,7,28.0,11,42.31,6,37,3,0,0,0,0,0.0,0,2,,2,1,0,Jordy Makengo,SC Freiburg,1131339,2538,Germany Bundesliga
1,3,0,41,53.95,12,46.15,1,12.5,31,1,75.7,53,51.96,1652,9,12,4,19,0,0,0,34,5,0,0,0,0,104,3,377,20,19,25.0,13,23.64,21,59,12,0,4,1,3,25.0,0,1,0.51,0,0,0,Jonas Föhrenbach,1. FC Heidenheim,311676,5885,Germany Bundesliga
1,1,0,10,29.41,1,12.5,1,25.0,7,0,67.44,11,26.19,274,2,6,6,7,0,0,0,4,0,0,0,0,0,10,0,29,0,0,0.0,1,33.33,2,4,11,3,8,5,1,12.5,0,1,1.32,0,0,0,Kento Shiogai,VfL Wolfsburg,1499696,2524,Germany Bundesliga
0,0,0,2,66.67,0,0.0,0,0.0,0,0,92.31,2,66.67,29,2,0,0,1,0,0,0,1,0,0,0,0,0,3,0,12,0,0,0.0,0,0.0,0,0,0,0,0,0,0,0.0,0,0,,0,0,0,Maycon Cardozo,FC Bayern München,2236502,2672,Germany Bundesliga
0,1,0,0,0.0,0,0.0,0,0.0,0,0,83.33,0,0.0,11,0,2,0,1,0,0,0,0,0,0,0,0,0,2,0,5,0,0,0.0,0,0.0,0,0,0,0,0,0,0,0.0,0,0,,0,0,0,Love Arrhov,Eintracht Frankfurt,1977245,2674,Germany Bundesliga
0,0,0,0,0.0,1,100.0,0,0.0,0,0,80.0,1,100.0,11,0,0,0,1,0,0,0,1,0,0,0,0,0,0,0,4,0,0,0.0,0,0.0,0,0,0,0,0,0,0,0.0,0,0,,0,0,0,Tim Schnitzer,FC Augsburg,1861987,2600,Germany Bundesliga
0,0,0,0,0.0,0,0.0,0,0.0,0,0,87.5,0,0.0,13,0,0,0,3,0,0,0,2,0,0,0,0,0,3,0,7,0,1,50.0,0,0.0,0,0,0,0,0,0,0,0.0,0,1,,0,0,0,Timo Werner,RB Leipzig,232306,36360,Germany Bundesliga
0,0,0,3,50.0,2,66.67,1,33.33,0,0,44.44,5,55.56,40,2,1,0,3,0,0,0,1,0,0,0,0,0,1,0,4,1,0,0.0,0,0.0,0,2,0,0,0,0,0,0.0,0,0,,0,0,0,Jan Urbich,Borussia M'gladbach,1521250,2527,Germany Bundesliga
0,1,0,8,38.1,0,0.0,0,0.0,6,0,77.42,8,36.36,261,2,5,1,11,0,0,0,8,0,0,0,0,0,33,2,120,2,2,50.0,7,38.89,3,7,4,1,3,1,2,0.0,0,0,0.78,0,0,0,Patrice Čović,SV Werder Bremen,1596105,2534,Germany Bundesliga
0,1,0,12,40.0,3,42.86,2,16.67,4,0,76.56,15,40.54,155,6,2,7,7,0,0,0,3,0,0,0,0,0,21,0,49,2,1,10.0,4,80.0,0,2,0,2,4,2,1,0.0,0,0,0.62,0,0,0,Oladapo Afolayan,FC St. Pauli,871621,2526,Germany Bundesliga
0,1,0,14,36.84,6,60.0,1,11.11,6,0,86.35,20,41.67,462,8,10,4,9,0,0,0,1,1,0,0,0,0,81,0,253,4,1,20.0,1,16.67,5,8,3,0,6,0,4,0.0,0,0,0.28,1,0,0,Sacha Boey,FC Bayern München,980418,2672,Germany Bundesliga
0,0,0,10,52.63,0,0.0,1,16.67,1,0,76.74,10,47.62,91,8,2,2,5,0,0,0,1,0,0,0,0,0,11,0,33,1,1,25.0,0,0.0,0,1,0,0,3,0,1,0.0,0,0,0.23,0,0,0,Ismael Gharbi,FC Augsburg,1113488,2600,Germany Bundesliga
0,2,0,7,43.75,5,35.71,1,100.0,6,0,83.33,12,40.0,365,0,3,3,5,0,0,0,8,2,0,0,0,0,20,0,160,2,2,66.67,16,48.48,7,31,4,0,2,1,1,0.0,0,0,0.1,0,0,0,Jeffrey Gouweleeuw,FC Augsburg,146853,2600,Germany Bundesliga
0,0,0,8,53.33,4,66.67,1,100.0,6,0,74.55,12,57.14,149,1,2,1,4,0,0,0,6,0,0,0,0,0,7,0,41,0,0,0.0,4,57.14,2,6,4,0,1,0,0,0.0,0,0,0.09,0,0,0,Leonidas Stergiou,1. FC Heidenheim,962898,5885,Germany Bundesliga
0,0,0,2,100.0,0,0.0,1,100.0,0,0,40.0,2,66.67,15,1,0,0,1,0,0,0,1,0,0,0,0,0,1,0,2,0,0,0.0,0,0.0,0,0,0,0,1,0,1,0.0,0,0,0.06,0,0,0,Samuele Inacio,Borussia Dortmund,1861666,2673,Germany Bundesliga
0,0,0,0,0.0,0,0.0,0,0.0,0,0,0.0,0,0.0,8,0,0,0,1,0,0,0,0,0,0,0,0,0,0,0,0,0,0,0.0,0,0.0,0,0,0,0,1,0,0,0.0,0,0,0.02,0,0,0,Samba Konaté,RB Leipzig,2269705,36360,Germany Bundesliga
1,4,0,38,34.86,36,49.32,10,41.67,17,1,67.55,74,40.66,1587,12,17,15,23,0,0,0,33,6,0,0,0,0,100,4,331,8,2,18.18,16,31.37,28,61,27,0,19,5,8,5.26,0,2,1.33,1,2,0,Jan Schöppner,1. FC Heidenheim,933707,5885,Germany Bundesliga
0,2,0,40,52.63,9,56.25,9,56.25,22,0,79.61,49,53.26,1086,9,15,7,17,0,0,0,26,1,0,0,0,0,68,1,324,13,9,26.47,15,32.61,19,37,8,0,8,2,2,0.0,0,1,0.43,0,0,0,Lukas Ullrich,Borussia M'gladbach,1083382,2527,Germany Bundesliga
2,1,0,14,26.92,9,32.14,5,38.46,7,0,64.76,23,28.75,452,2,13,15,16,0,0,0,9,0,0,0,0,0,34,1,68,7,4,50.0,1,100.0,0,1,5,4,14,6,4,14.29,1,2,2.01,0,1,0,Armindo Sieb,1. FSV Mainz 05,1005834,2556,Germany Bundesliga
3,1,0,12,27.27,11,28.21,4,44.44,4,0,78.0,23,27.71,1001,4,6,16,20,0,0,0,16,3,0,0,0,0,72,1,195,6,1,9.09,3,50.0,0,5,5,2,20,9,7,15.0,0,4,3.02,0,0,0,Martijn Kaars,FC St. Pauli,861850,2526,Germany Bundesliga
0,0,0,9,42.86,2,33.33,1,20.0,3,0,68.75,11,40.74,259,5,4,2,7,0,0,0,6,0,0,0,0,0,12,0,44,2,2,33.33,3,33.33,1,13,2,0,2,1,0,0.0,0,0,0.1,0,0,0,Jan Bürger,VfL Wolfsburg,1568511,2524,Germany Bundesliga
1,2,0,22,43.14,17,36.17,5,71.43,4,0,68.48,39,39.8,422,14,17,10,14,0,0,0,10,0,0,0,0,0,22,0,63,4,0,0.0,0,0.0,0,2,1,2,17,4,4,5.88,1,5,1.72,0,0,0,Samuel Essende,FC Augsburg,855808,2600,Germany Bundesliga
0,4,0,55,52.88,21,61.76,13,44.83,34,0,76.87,76,55.07,1874,8,8,12,23,0,0,0,34,2,0,0,0,0,94,4,462,16,10,19.23,25,32.05,13,63,13,0,24,3,12,0.0,0,4,1.21,1,3,0,Sebastian Sebulonsen,1. FC Köln,1020206,2671,Germany Bundesliga
0,1,0,8,25.0,30,44.12,4,36.36,2,0,64.29,38,38.0,480,2,5,10,16,0,0,0,8,1,0,0,0,0,32,0,72,5,0,0.0,4,100.0,1,3,2,4,11,5,2,0.0,0,5,2.15,0,0,0,Nelson Weiper,1. FSV Mainz 05,1152505,2556,Germany Bundesliga
0,0,0,4,44.44,1,25.0,1,100.0,1,0,69.57,5,38.46,118,2,2,2,5,0,0,0,2,0,0,0,0,0,11,1,16,2,0,0.0,0,0.0,0,1,1,0,3,0,1,0.0,0,0,0.22,0,0,0,Alejo Sarco,Borussia M'gladbach,1482433,2527,Germany Bundesliga
0,0,0,5,41.67,0,0.0,4,66.67,0,0,70.97,5,38.46,122,1,0,2,2,0,0,0,1,0,0,0,0,0,6,0,22,1,0,0.0,0,0.0,0,1,3,0,0,0,0,0.0,0,0,,0,0,0,Emir Sahiti,Hamburger SV,841985,2676,Germany Bundesliga
0,2,0,2,50.0,1,50.0,0,0.0,0,0,85.71,3,50.0,107,2,2,0,2,0,0,0,2,0,0,0,0,0,11,0,48,0,0,0.0,4,80.0,2,2,0,0,3,1,1,0.0,0,0,0.31,0,0,0,Pascal Stenzel,VfB Stuttgart,352562,2677,Germany Bundesliga
1,3,1,34,50.75,33,48.53,5,71.43,23,0,86.5,67,49.63,1733,6,16,2,21,0,0,0,31,4,0,0,0,0,106,0,1051,6,3,27.27,54,40.91,20,94,14,1,6,1,0,16.67,0,1,0.66,1,1,0,Karim Coulibaly,SV Werder Bremen,1797852,2534,Germany Bundesliga
0,2,0,8,38.1,9,31.03,2,100.0,1,0,74.47,17,34.0,231,5,10,2,15,0,0,0,6,0,0,0,0,0,13,0,35,1,0,0.0,0,0.0,0,1,1,2,4,1,0,0.0,0,1,0.51,0,0,0,Abdoulie Ceesay,FC St. Pauli,1888501,2526,Germany Bundesliga
0,1,0,26,53.06,3,23.08,4,50.0,14,1,89.57,29,46.77,737,8,15,5,13,0,0,0,19,1,0,0,0,0,74,1,335,4,1,14.29,15,65.22,6,21,1,1,3,0,1,0.0,0,0,0.43,0,0,0,Jeanuël Belocian,VfL Wolfsburg,1173172,2524,Germany Bundesliga
0,1,1,28,41.79,2,15.38,1,14.29,24,1,90.42,30,37.5,679,3,19,9,17,0,0,0,13,6,0,0,0,0,64,0,321,3,0,0.0,9,64.29,5,8,6,2,2,0,1,0.0,0,1,0.1,1,1,0,Oscar Højlund,Eintracht Frankfurt,1149113,2674,Germany Bundesliga
0,0,0,13,40.63,5,71.43,1,9.09,12,1,82.11,18,46.15,432,0,3,4,7,0,0,0,9,1,0,0,0,0,38,3,156,6,2,28.57,10,62.5,11,11,3,1,6,1,2,0.0,1,0,0.4,0,1,0,Joakim Mæhle,VfL Wolfsburg,842364,2524,Germany Bundesliga
0,0,0,3,30.0,0,0.0,1,100.0,0,0,88.24,3,20.0,70,2,4,3,3,0,0,0,3,1,0,0,0,0,3,0,15,0,0,0.0,1,100.0,0,0,0,0,0,0,0,0.0,0,0,,0,0,0,Jessic Ngankam,Eintracht Frankfurt,906276,2674,Germany Bundesliga
0,0,0,0,0.0,0,0.0,0,0.0,0,0,82.35,0,0.0,37,0,0,2,4,0,0,0,0,0,0,0,0,0,3,0,14,0,0,0.0,0,0.0,1,0,0,0,2,1,0,0.0,0,0,0.09,0,0,0,Wisdom Mike,FC Bayern München,1976732,2672,Germany Bundesliga
1,2,2,53,43.8,8,20.0,11,35.48,30,1,76.43,61,37.89,1329,12,20,16,21,0,0,0,25,2,0,0,0,0,163,6,402,28,22,24.44,8,38.1,9,13,13,3,18,2,9,5.56,3,2,2.93,0,0,0,Paul Nebel,1. FSV Mainz 05,980621,2556,Germany Bundesliga
0,2,1,27,43.55,11,42.31,6,42.86,16,0,82.9,38,43.18,778,5,16,10,17,0,0,0,10,0,0,0,0,0,88,1,286,5,6,22.22,8,44.44,9,23,3,1,11,3,3,0.0,0,1,0.53,0,0,0,Lorenz Assignon,VfB Stuttgart,1009334,2677,Germany Bundesliga
0,2,0,12,40.0,2,50.0,7,58.33,3,0,80.65,14,41.18,192,2,4,6,8,0,0,0,7,0,0,0,0,0,23,1,50,3,1,25.0,0,0.0,0,2,3,1,6,4,1,0.0,0,0,0.51,0,0,0,Jesper Lindstrøm,VfL Wolfsburg,947929,2524,Germany Bundesliga
0,3,2,20,62.5,8,57.14,0,0.0,13,0,87.09,28,60.87,542,7,10,0,10,0,0,0,11,2,0,0,0,0,13,0,290,0,0,0.0,16,43.24,13,36,1,1,3,1,0,0.0,0,0,0.41,0,0,0,Niklas Stark,SV Werder Bremen,229544,2534,Germany Bundesliga
0,2,0,16,55.17,7,53.85,1,33.33,14,0,80.33,23,54.76,440,1,6,1,9,0,0,0,8,2,0,0,0,0,33,0,196,2,2,40.0,7,25.93,4,34,4,0,2,0,1,0.0,0,0,0.03,1,0,0,Julián Malatini,SV Werder Bremen,1087043,2534,Germany Bundesliga
1,3,0,14,31.82,20,37.74,3,42.86,6,1,74.85,34,35.05,569,5,12,10,18,0,0,0,7,1,0,0,0,0,49,1,125,7,1,20.0,3,42.86,1,9,6,3,22,2,10,4.55,0,2,1.8,0,0,0,Keke Topp,SV Werder Bremen,1166832,2534,Germany Bundesliga
1,0,0,3,33.33,3,21.43,1,50.0,1,0,73.68,6,26.09,140,1,2,4,6,0,0,0,3,2,0,0,0,0,10,0,28,2,0,0.0,1,100.0,0,1,0,1,5,1,3,20.0,0,1,1.13,0,0,0,Michy Batshuayi,Eintracht Frankfurt,147745,2674,Germany Bundesliga
1,1,1,17,34.69,18,60.0,3,42.86,11,0,72.12,35,44.3,539,3,9,9,12,0,0,0,11,0,0,0,0,0,41,1,150,4,0,0.0,10,35.71,13,26,10,0,10,3,2,10.0,0,2,0.78,0,1,0,Tom Rothe,1. FC Union Berlin,1210666,2547,Germany Bundesliga
0,1,0,7,35.0,6,42.86,1,14.29,2,1,83.54,13,38.24,330,4,2,6,10,0,0,0,11,2,0,0,0,0,23,1,66,4,0,0.0,0,0.0,0,0,0,6,7,3,1,0.0,0,4,0.8,0,0,0,Elye Wahi,Eintracht Frankfurt,979315,2674,Germany Bundesliga
0,0,0,0,0.0,0,0.0,0,0.0,0,0,83.33,0,0.0,22,0,0,0,1,0,0,0,1,0,0,0,0,0,0,0,5,0,1,100.0,0,0.0,0,2,0,0,0,0,0,0.0,0,0,,0,0,0,Jusuf Gazibegović,1. FC Köln,907530,2671,Germany Bundesliga
0,0,0,0,0.0,2,33.33,0,0.0,0,0,0.0,2,33.33,9,0,0,0,1,0,0,0,0,0,0,0,0,0,0,0,0,0,0,0.0,0,0.0,0,0,0,0,0,0,0,0.0,0,0,,0,0,0,Uchenna Ogundu,FC Augsburg,1996846,2600,Germany Bundesliga
0,0,0,0,0.0,0,0.0,0,0.0,0,0,71.43,0,0.0,24,0,0,0,2,0,0,0,0,0,0,0,0,0,3,0,5,1,0,0.0,0,0.0,0,0,0,0,1,0,1,0.0,0,0,0.12,0,0,0,Cole Campbell,TSG Hoffenheim,1134578,2569,Germany Bundesliga
0,1,0,1,33.33,0,0.0,0,0.0,0,0,60.0,1,16.67,35,1,1,0,3,0,0,0,0,0,0,0,0,0,2,0,6,0,0,0.0,0,0.0,0,0,0,0,1,0,1,0.0,0,0,0.06,0,0,0,Aiman Dardari,FC Augsburg,1481370,2600,Germany Bundesliga
0,6,0,63,58.33,24,60.0,5,71.43,29,0,83.62,87,58.78,1290,29,24,10,18,0,0,0,32,4,0,0,0,0,30,1,485,1,3,75.0,30,38.96,12,81,9,0,5,2,1,0.0,0,0,0.25,1,1,0,Benedikt Gimber,1. FC Heidenheim,798936,5885,Germany Bundesliga
0,2,0,46,47.92,10,32.26,11,47.83,18,2,77.69,56,44.09,1380,18,20,10,23,0,0,0,36,4,0,0,0,0,109,3,404,13,3,9.09,32,45.07,13,24,11,1,9,1,2,0.0,0,2,0.42,0,0,0,Haktab Omar Traore,1. FC Heidenheim,920022,5885,Germany Bundesliga
1,1,0,2,22.22,3,37.5,0,0.0,1,0,67.74,5,29.41,89,1,5,0,6,0,0,0,3,0,0,0,0,0,4,0,21,1,1,100.0,2,33.33,1,11,1,1,2,1,0,50.0,0,0,0.65,0,1,0,Adam Kölle,1. FC Heidenheim,2192753,5885,Germany Bundesliga
0,0,0,5,25.0,4,17.39,1,20.0,3,0,80.33,9,20.93,416,1,7,4,7,0,0,0,3,0,0,0,0,0,17,1,49,7,0,0.0,1,50.0,0,2,0,1,7,4,2,0.0,0,2,0.59,0,0,0,Damion Downs,Hamburger SV,1146091,2676,Germany Bundesliga
0,2,0,57,47.5,7,33.33,12,42.86,32,5,77.45,64,45.39,1254,13,18,13,17,0,0,0,35,1,0,0,0,0,99,4,395,11,6,22.22,10,23.26,11,45,17,0,3,0,1,0.0,0,4,0.1,0,0,0,Saël Kumbedi,VfL Wolfsburg,1155226,2524,Germany Bundesliga
2,3,0,28,32.94,60,45.8,6,33.33,5,2,56.62,88,40.74,1057,17,23,19,20,0,0,0,13,3,0,0,0,0,81,1,184,13,1,100.0,3,50.0,4,24,4,13,35,15,5,5.71,1,13,4.91,0,0,1,Phillip Tietz,1. FSV Mainz 05,822340,2556,Germany Bundesliga
0,1,0,15,45.45,1,33.33,7,46.67,1,0,96.05,16,44.44,221,7,7,2,6,0,0,0,4,0,0,0,0,0,13,0,73,0,0,0.0,1,50.0,1,3,1,1,3,1,1,0.0,0,0,0.22,0,0,0,Axel Tape,Bayer 04 Leverkusen,1937795,2681,Germany Bundesliga
0,4,0,17,51.52,16,45.71,1,100.0,11,0,87.27,33,48.53,954,5,13,2,13,0,0,0,19,2,0,0,0,0,53,0,329,2,1,20.0,12,42.86,10,43,2,0,4,0,2,0.0,0,0,0.22,1,0,0,Joel Schmied,1. FC Köln,965950,2671,Germany Bundesliga
0,1,0,1,25.0,1,50.0,0,0.0,1,0,88.89,2,33.33,44,0,2,0,1,0,0,0,1,0,0,0,0,0,1,0,32,0,0,0.0,4,50.0,1,2,1,0,0,0,0,0.0,0,0,,0,0,0,Koki Machida,TSG Hoffenheim,790977,2569,Germany Bundesliga
0,0,0,1,50.0,0,0.0,0,0.0,1,0,0.0,1,50.0,8,0,0,1,1,0,0,0,1,0,0,0,0,0,0,0,0,0,0,0.0,0,0.0,0,0,0,0,0,0,0,0.0,0,0,,0,0,0,Tim Oermann,Bayer 04 Leverkusen,1138778,2681,Germany Bundesliga
0,0,0,1,25.0,2,40.0,0,0.0,1,0,89.29,3,33.33,65,0,2,1,2,0,0,0,3,0,0,0,0,0,7,0,25,0,0,0.0,2,100.0,0,0,0,0,0,0,0,0.0,0,0,,0,0,0,Merlin Röhl,SC Freiburg,1064082,2538,Germany Bundesliga
0,0,0,2,15.38,2,100.0,0,0.0,1,0,87.1,4,26.67,252,1,1,3,5,0,0,0,4,0,0,0,0,0,22,0,108,0,2,33.33,5,62.5,1,10,3,0,0,0,0,0.0,0,0,,0,0,0,Kosta Nedeljković,RB Leipzig,1152923,36360,Germany Bundesliga
0,0,0,0,0.0,1,100.0,0,0.0,0,0,33.33,1,100.0,22,0,0,0,2,0,0,0,0,1,0,0,0,0,1,0,2,0,0,0.0,0,0.0,0,0,0,1,1,0,0,0.0,0,0,0.14,0,0,0,Taichi Hara,FC St. Pauli,925790,2526,Germany Bundesliga
0,0,0,0,0.0,1,100.0,0,0.0,0,0,80.0,1,50.0,21,0,0,1,3,0,0,0,1,0,0,0,0,0,1,0,4,0,0,0.0,0,0.0,0,0,0,1,1,1,0,0.0,0,0,0.09,0,0,0,Adam Hložek,TSG Hoffenheim,963801,2569,Germany Bundesliga
0,0,0,25,49.02,12,57.14,1,16.67,20,0,80.55,37,51.39,803,4,10,3,11,0,0,0,18,3,0,0,0,0,53,1,294,3,2,12.5,20,47.62,12,32,8,0,2,0,0,0.0,0,0,0.11,0,1,0,Kilian Fischer,VfL Wolfsburg,995316,2524,Germany Bundesliga
1,1,1,17,44.74,4,16.67,7,58.33,5,0,73.83,21,33.87,505,5,6,7,11,0,0,0,15,3,0,0,0,0,27,1,79,3,0,0.0,3,37.5,1,5,4,2,12,5,2,8.33,0,3,2.27,0,0,0,Budu Zivzivadze,1. FC Heidenheim,149728,5885,Germany Bundesliga
0,0,0,5,50.0,0,0.0,1,100.0,1,0,55.56,5,35.71,90,3,1,4,1,0,0,0,1,1,0,0,0,0,5,1,5,1,0,0.0,0,0.0,0,3,0,0,0,0,0,0.0,0,1,,0,0,0,Nick Woltemade,VfB Stuttgart,980623,2677,Germany Bundesliga
0,0,0,5,62.5,0,0.0,2,50.0,0,0,89.19,5,62.5,90,3,1,0,1,0,0,0,6,0,0,0,0,0,5,0,33,1,0,0.0,1,100.0,1,0,0,0,0,0,0,0.0,0,0,,0,0,0,Xavi Simons,RB Leipzig,997183,36360,Germany Bundesliga
0,1,0,1,20.0,0,0.0,0,0.0,1,0,90.0,1,20.0,141,0,3,2,4,0,0,0,3,2,0,0,0,0,11,0,54,1,0,0.0,0,0.0,0,9,0,0,0,0,0,0.0,0,1,,0,0,0,Aboubaka Soumahoro,Hamburger SV,1605225,2676,Germany Bundesliga
0,1,0,3,33.33,5,50.0,1,50.0,2,0,72.22,8,42.11,137,0,4,1,4,0,0,0,3,0,0,0,0,0,5,0,52,0,2,40.0,3,20.0,1,7,1,0,3,0,1,0.0,0,0,0.08,0,0,0,Jonas Adjei Adjetey,VfL Wolfsburg,1218056,2524,Germany Bundesliga
0,0,0,1,25.0,1,25.0,1,100.0,0,0,52.17,2,25.0,78,0,0,3,2,0,0,0,1,0,0,0,0,0,6,0,12,0,0,0.0,0,0.0,0,0,0,0,1,0,0,0.0,0,1,0.07,0,0,0,Fabio Moreno Fell,1. FSV Mainz 05,1065051,2556,Germany Bundesliga
0,1,0,9,60.0,0,0.0,1,50.0,6,0,77.94,9,50.0,151,2,3,0,4,0,0,0,6,2,0,0,0,0,9,0,53,1,0,0.0,0,0.0,0,4,2,0,1,0,0,0.0,0,0,0.02,0,0,0,Aurélio Buta,Eintracht Frankfurt,357752,2674,Germany Bundesliga
0,0,1,5,50.0,1,100.0,1,50.0,2,0,78.26,6,54.55,63,2,4,0,6,0,0,0,0,0,0,0,0,0,9,0,18,0,0,0.0,0,0.0,0,1,0,0,1,0,1,0.0,0,0,0.05,0,0,0,Immanuel Pherai,Hamburger SV,989203,2676,Germany Bundesliga
0,0,1,3,42.86,1,33.33,0,0.0,1,0,86.27,4,40.0,132,2,1,2,4,0,0,0,2,0,0,0,0,0,11,0,88,0,1,100.0,3,30.0,2,8,0,0,0,0,0,0.0,0,0,,0,0,0,Filippo Mané,Borussia Dortmund,1137131,2673,Germany Bundesliga
0,0,1,3,75.0,1,50.0,0,0.0,3,0,62.5,4,66.67,42,0,1,0,5,0,0,0,1,0,0,0,0,0,2,0,10,0,0,0.0,0,0.0,1,3,0,0,0,0,0,0.0,0,0,,0,0,0,Kevin Akpoguma,TSG Hoffenheim,187423,2569,Germany Bundesliga
0,0,0,0,0.0,0,0.0,0,0.0,0,0,100.0,0,0.0,1,0,0,0,1,0,0,0,0,0,0,0,0,0,0,0,2,0,0,0.0,0,0.0,0,0,0,0,0,0,0,0.0,0,0,,0,0,0,Cassiano Kiala,FC Bayern München,1994978,2672,Germany Bundesliga
0,0,0,2,66.67,0,0.0,0,0.0,2,0,60.0,2,66.67,1,0,0,0,1,0,0,0,0,0,0,0,0,0,1,0,3,0,0,0.0,0,0.0,0,0,0,0,0,0,0,0.0,0,0,,0,0,0,Isak Hansen Aarøen,SV Werder Bremen,1019011,2534,Germany Bundesliga
0,0,0,0,0.0,0,0.0,0,0.0,0,0,0.0,0,0.0,1,0,0,1,1,0,0,0,0,0,0,0,0,0,0,0,0,0,0,0.0,0,0.0,0,0,0,0,0,0,0,0.0,0,0,,0,0,0,Yannick Eduardo,TSG Hoffenheim,1440627,2569,Germany Bundesliga
0,0,0,0,0.0,0,0.0,0,0.0,0,0,100.0,0,0.0,7,0,0,0,1,0,0,0,0,0,0,0,0,0,0,0,2,0,0,0.0,0,0.0,0,0,1,0,0,0,0,0.0,0,0,,0,0,0,Leart Paqarada,1. FC Heidenheim,151581,5885,Germany Bundesliga
0,0,0,0,0.0,0,0.0,0,0.0,0,0,100.0,0,0.0,1,0,0,0,1,0,0,0,0,0,0,0,0,0,0,0,1,0,0,0.0,0,0.0,0,0,0,0,0,0,0,0.0,0,0,,0,0,0,Dmytro Bogdanov,1. FC Union Berlin,1568506,2547,Germany Bundesliga
0,0,0,0,0.0,0,0.0,0,0.0,0,0,100.0,0,0.0,1,0,0,0,1,0,0,0,0,0,0,0,0,0,1,0,2,0,0,0.0,0,0.0,0,0,0,0,0,0,0,0.0,0,0,,0,0,0,Tobias Weigel,1. FC Heidenheim,2255188,5885,Germany Bundesliga
0,0,0,0,0.0,0,0.0,0,0.0,0,0,50.0,0,0.0,3,0,0,0,3,0,0,0,0,0,0,0,0,0,0,0,1,0,0,0.0,0,0.0,0,0,1,0,0,0,0,0.0,0,0,,0,0,0,Kevin Kampl,RB Leipzig,84251,36360,Germany Bundesliga
